S.NO.,product_id,product_key,product_name,category_id,product_category,product_subcategory,product_maintenance,product_cost,product_line,start_date,end_date
1,212,AC-HE-HL-U509-R,SPORT-100 HELMET- RED,AC-HE,Accessories,Helmets,Yes,12.0,Sports,2011-07-01,2007-12-28
2,213,AC-HE-HL-U509-R,SPORT-100 HELMET- RED,AC-HE,Accessories,Helmets,Yes,14.0,Sports,2012-07-01,2008-12-27
3,214,AC-HE-HL-U509-R,SPORT-100 HELMET- RED,AC-HE,Accessories,Helmets,Yes,13.0,Sports,2013-07-01,
4,215,AC-HE-HL-U509,SPORT-100 HELMET- BLACK,AC-HE,Accessories,Helmets,Yes,12.0,Sports,2011-07-01,2007-12-28
5,216,AC-HE-HL-U509,SPORT-100 HELMET- BLACK,AC-HE,Accessories,Helmets,Yes,14.0,Sports,2012-07-01,2008-12-27
6,217,AC-HE-HL-U509,SPORT-100 HELMET- BLACK,AC-HE,Accessories,Helmets,Yes,13.0,Sports,2013-07-01,
7,218,CL-SO-SO-B909-M,MOUNTAIN BIKE SOCKS- M,CL-SO,Clothing,Socks,No,3.0,Mountain,2011-07-01,2007-12-28
8,219,CL-SO-SO-B909-L,MOUNTAIN BIKE SOCKS- L,CL-SO,Clothing,Socks,No,3.0,Mountain,2011-07-01,2007-12-28
9,220,AC-HE-HL-U509-B,SPORT-100 HELMET- BLUE,AC-HE,Accessories,Helmets,Yes,12.0,Sports,2011-07-01,2007-12-28
10,221,AC-HE-HL-U509-B,SPORT-100 HELMET- BLUE,AC-HE,Accessories,Helmets,Yes,14.0,Sports,2012-07-01,2008-12-27
11,222,AC-HE-HL-U509-B,SPORT-100 HELMET- BLUE,AC-HE,Accessories,Helmets,Yes,13.0,Sports,2013-07-01,
12,223,CL-CA-CA-1098,AWC LOGO CAP,CL-CA,Clothing,Caps,No,6.0,Sports,2011-07-01,2007-12-28
13,224,CL-CA-CA-1098,AWC LOGO CAP,CL-CA,Clothing,Caps,No,5.0,Sports,2012-07-01,2008-12-27
14,225,CL-CA-CA-1098,AWC LOGO CAP,CL-CA,Clothing,Caps,No,7.0,Sports,2013-07-01,
15,226,CL-JE-LJ-0192-S,LONG-SLEEVE LOGO JERSEY- S,CL-JE,Clothing,Jerseys,No,32.0,Sports,2011-07-01,2007-12-28
16,227,CL-JE-LJ-0192-S,LONG-SLEEVE LOGO JERSEY- S,CL-JE,Clothing,Jerseys,No,29.0,Sports,2012-07-01,2008-12-27
17,228,CL-JE-LJ-0192-S,LONG-SLEEVE LOGO JERSEY- S,CL-JE,Clothing,Jerseys,No,38.0,Sports,2013-07-01,
18,229,CL-JE-LJ-0192-M,LONG-SLEEVE LOGO JERSEY- M,CL-JE,Clothing,Jerseys,No,32.0,Sports,2011-07-01,2007-12-28
19,230,CL-JE-LJ-0192-M,LONG-SLEEVE LOGO JERSEY- M,CL-JE,Clothing,Jerseys,No,29.0,Sports,2012-07-01,2008-12-27
20,231,CL-JE-LJ-0192-M,LONG-SLEEVE LOGO JERSEY- M,CL-JE,Clothing,Jerseys,No,38.0,Sports,2013-07-01,
21,232,CL-JE-LJ-0192-L,LONG-SLEEVE LOGO JERSEY- L,CL-JE,Clothing,Jerseys,No,32.0,Sports,2011-07-01,2007-12-28
22,233,CL-JE-LJ-0192-L,LONG-SLEEVE LOGO JERSEY- L,CL-JE,Clothing,Jerseys,No,29.0,Sports,2012-07-01,2008-12-27
23,234,CL-JE-LJ-0192-L,LONG-SLEEVE LOGO JERSEY- L,CL-JE,Clothing,Jerseys,No,38.0,Sports,2013-07-01,
24,235,CL-JE-LJ-0192-X,LONG-SLEEVE LOGO JERSEY- XL,CL-JE,Clothing,Jerseys,No,32.0,Sports,2011-07-01,2007-12-28
25,236,CL-JE-LJ-0192-X,LONG-SLEEVE LOGO JERSEY- XL,CL-JE,Clothing,Jerseys,No,29.0,Sports,2012-07-01,2008-12-27
26,237,CL-JE-LJ-0192-X,LONG-SLEEVE LOGO JERSEY- XL,CL-JE,Clothing,Jerseys,No,38.0,Sports,2013-07-01,
27,238,CO-RF-FR-R92R-62,HL ROAD FRAME - RED- 62,CO-RF,Components,Road Frames,Yes,748.0,Roadways,2011-07-01,2007-12-28
28,239,CO-RF-FR-R92R-62,HL ROAD FRAME - RED- 62,CO-RF,Components,Road Frames,Yes,722.0,Roadways,2012-07-01,2008-12-27
29,240,CO-RF-FR-R92R-62,HL ROAD FRAME - RED- 62,CO-RF,Components,Road Frames,Yes,869.0,Roadways,2013-07-01,
30,241,CO-RF-FR-R92R-44,HL ROAD FRAME - RED- 44,CO-RF,Components,Road Frames,Yes,748.0,Roadways,2011-07-01,2007-12-28
31,242,CO-RF-FR-R92R-44,HL ROAD FRAME - RED- 44,CO-RF,Components,Road Frames,Yes,722.0,Roadways,2012-07-01,2008-12-27
32,243,CO-RF-FR-R92R-44,HL ROAD FRAME - RED- 44,CO-RF,Components,Road Frames,Yes,869.0,Roadways,2013-07-01,
33,244,CO-RF-FR-R92R-48,HL ROAD FRAME - RED- 48,CO-RF,Components,Road Frames,Yes,748.0,Roadways,2011-07-01,2007-12-28
34,245,CO-RF-FR-R92R-48,HL ROAD FRAME - RED- 48,CO-RF,Components,Road Frames,Yes,722.0,Roadways,2012-07-01,2008-12-27
35,246,CO-RF-FR-R92R-48,HL ROAD FRAME - RED- 48,CO-RF,Components,Road Frames,Yes,869.0,Roadways,2013-07-01,
36,247,CO-RF-FR-R92R-52,HL ROAD FRAME - RED- 52,CO-RF,Components,Road Frames,Yes,748.0,Roadways,2011-07-01,2007-12-28
37,248,CO-RF-FR-R92R-52,HL ROAD FRAME - RED- 52,CO-RF,Components,Road Frames,Yes,722.0,Roadways,2012-07-01,2008-12-27
38,249,CO-RF-FR-R92R-52,HL ROAD FRAME - RED- 52,CO-RF,Components,Road Frames,Yes,869.0,Roadways,2013-07-01,
39,250,CO-RF-FR-R92R-56,HL ROAD FRAME - RED- 56,CO-RF,Components,Road Frames,Yes,748.0,Roadways,2011-07-01,2007-12-28
40,251,CO-RF-FR-R92R-56,HL ROAD FRAME - RED- 56,CO-RF,Components,Road Frames,Yes,722.0,Roadways,2012-07-01,2008-12-27
41,252,CO-RF-FR-R92R-56,HL ROAD FRAME - RED- 56,CO-RF,Components,Road Frames,Yes,869.0,Roadways,2013-07-01,
42,253,CO-RF-FR-R38B-58,LL ROAD FRAME - BLACK- 58,CO-RF,Components,Road Frames,Yes,176.0,Roadways,2011-07-01,2007-12-28
43,254,CO-RF-FR-R38B-58,LL ROAD FRAME - BLACK- 58,CO-RF,Components,Road Frames,Yes,170.0,Roadways,2012-07-01,2008-12-27
44,255,CO-RF-FR-R38B-58,LL ROAD FRAME - BLACK- 58,CO-RF,Components,Road Frames,Yes,205.0,Roadways,2013-07-01,
45,256,CO-RF-FR-R38B-60,LL ROAD FRAME - BLACK- 60,CO-RF,Components,Road Frames,Yes,176.0,Roadways,2011-07-01,2007-12-28
46,257,CO-RF-FR-R38B-60,LL ROAD FRAME - BLACK- 60,CO-RF,Components,Road Frames,Yes,170.0,Roadways,2012-07-01,2008-12-27
47,258,CO-RF-FR-R38B-60,LL ROAD FRAME - BLACK- 60,CO-RF,Components,Road Frames,Yes,205.0,Roadways,2013-07-01,
48,259,CO-RF-FR-R38B-62,LL ROAD FRAME - BLACK- 62,CO-RF,Components,Road Frames,Yes,176.0,Roadways,2011-07-01,2007-12-28
49,260,CO-RF-FR-R38B-62,LL ROAD FRAME - BLACK- 62,CO-RF,Components,Road Frames,Yes,170.0,Roadways,2012-07-01,2008-12-27
50,261,CO-RF-FR-R38B-62,LL ROAD FRAME - BLACK- 62,CO-RF,Components,Road Frames,Yes,205.0,Roadways,2013-07-01,
51,262,CO-RF-FR-R38R-44,LL ROAD FRAME - RED- 44,CO-RF,Components,Road Frames,Yes,181.0,Roadways,2011-07-01,2007-12-28
52,263,CO-RF-FR-R38R-44,LL ROAD FRAME - RED- 44,CO-RF,Components,Road Frames,Yes,187.0,Roadways,2012-07-01,2008-12-27
53,264,CO-RF-FR-R38R-48,LL ROAD FRAME - RED- 48,CO-RF,Components,Road Frames,Yes,181.0,Roadways,2011-07-01,2007-12-28
54,265,CO-RF-FR-R38R-48,LL ROAD FRAME - RED- 48,CO-RF,Components,Road Frames,Yes,187.0,Roadways,2012-07-01,2008-12-27
55,266,CO-RF-FR-R38R-52,LL ROAD FRAME - RED- 52,CO-RF,Components,Road Frames,Yes,181.0,Roadways,2011-07-01,2007-12-28
56,267,CO-RF-FR-R38R-52,LL ROAD FRAME - RED- 52,CO-RF,Components,Road Frames,Yes,187.0,Roadways,2012-07-01,2008-12-27
57,268,CO-RF-FR-R38R-58,LL ROAD FRAME - RED- 58,CO-RF,Components,Road Frames,Yes,181.0,Roadways,2011-07-01,2007-12-28
58,269,CO-RF-FR-R38R-58,LL ROAD FRAME - RED- 58,CO-RF,Components,Road Frames,Yes,187.0,Roadways,2012-07-01,2008-12-27
59,270,CO-RF-FR-R38R-60,LL ROAD FRAME - RED- 60,CO-RF,Components,Road Frames,Yes,181.0,Roadways,2011-07-01,2007-12-28
60,271,CO-RF-FR-R38R-60,LL ROAD FRAME - RED- 60,CO-RF,Components,Road Frames,Yes,187.0,Roadways,2012-07-01,2008-12-27
61,272,CO-RF-FR-R38R-62,LL ROAD FRAME - RED- 62,CO-RF,Components,Road Frames,Yes,181.0,Roadways,2011-07-01,2007-12-28
62,273,CO-RF-FR-R38R-62,LL ROAD FRAME - RED- 62,CO-RF,Components,Road Frames,Yes,187.0,Roadways,2012-07-01,2008-12-27
63,274,CO-RF-FR-R72R-44,ML ROAD FRAME - RED- 44,CO-RF,Components,Road Frames,Yes,352.0,Roadways,2011-07-01,2007-12-28
64,275,CO-RF-FR-R72R-48,ML ROAD FRAME - RED- 48,CO-RF,Components,Road Frames,Yes,352.0,Roadways,2011-07-01,2007-12-28
65,276,CO-RF-FR-R72R-52,ML ROAD FRAME - RED- 52,CO-RF,Components,Road Frames,Yes,352.0,Roadways,2011-07-01,2007-12-28
66,277,CO-RF-FR-R72R-58,ML ROAD FRAME - RED- 58,CO-RF,Components,Road Frames,Yes,352.0,Roadways,2011-07-01,2007-12-28
67,278,CO-RF-FR-R72R-60,ML ROAD FRAME - RED- 60,CO-RF,Components,Road Frames,Yes,352.0,Roadways,2011-07-01,2007-12-28
68,279,CO-RF-FR-R38B-44,LL ROAD FRAME - BLACK- 44,CO-RF,Components,Road Frames,Yes,176.0,Roadways,2011-07-01,2007-12-28
69,280,CO-RF-FR-R38B-44,LL ROAD FRAME - BLACK- 44,CO-RF,Components,Road Frames,Yes,170.0,Roadways,2012-07-01,2008-12-27
70,281,CO-RF-FR-R38B-44,LL ROAD FRAME - BLACK- 44,CO-RF,Components,Road Frames,Yes,205.0,Roadways,2013-07-01,
71,282,CO-RF-FR-R38B-48,LL ROAD FRAME - BLACK- 48,CO-RF,Components,Road Frames,Yes,176.0,Roadways,2011-07-01,2007-12-28
72,283,CO-RF-FR-R38B-48,LL ROAD FRAME - BLACK- 48,CO-RF,Components,Road Frames,Yes,170.0,Roadways,2012-07-01,2008-12-27
73,284,CO-RF-FR-R38B-48,LL ROAD FRAME - BLACK- 48,CO-RF,Components,Road Frames,Yes,205.0,Roadways,2013-07-01,
74,285,CO-RF-FR-R38B-52,LL ROAD FRAME - BLACK- 52,CO-RF,Components,Road Frames,Yes,176.0,Roadways,2011-07-01,2007-12-28
75,286,CO-RF-FR-R38B-52,LL ROAD FRAME - BLACK- 52,CO-RF,Components,Road Frames,Yes,170.0,Roadways,2012-07-01,2008-12-27
76,287,CO-RF-FR-R38B-52,LL ROAD FRAME - BLACK- 52,CO-RF,Components,Road Frames,Yes,205.0,Roadways,2013-07-01,
77,288,CO-MF-FR-M94S-42,HL MOUNTAIN FRAME - SILVER- 42,CO-MF,Components,Mountain Frames,Yes,624.0,Mountain,2011-07-01,2007-12-28
78,289,CO-MF-FR-M94S-42,HL MOUNTAIN FRAME - SILVER- 42,CO-MF,Components,Mountain Frames,Yes,661.0,Mountain,2012-07-01,2008-12-27
79,290,CO-MF-FR-M94S-42,HL MOUNTAIN FRAME - SILVER- 42,CO-MF,Components,Mountain Frames,Yes,747.0,Mountain,2013-07-01,
80,291,CO-MF-FR-M94S-44,HL MOUNTAIN FRAME - SILVER- 44,CO-MF,Components,Mountain Frames,Yes,707.0,Mountain,2011-07-01,2007-12-28
81,292,CO-MF-FR-M94S-52,HL MOUNTAIN FRAME - SILVER- 48,CO-MF,Components,Mountain Frames,Yes,707.0,Mountain,2011-07-01,2007-12-28
82,293,CO-MF-FR-M94S-46,HL MOUNTAIN FRAME - SILVER- 46,CO-MF,Components,Mountain Frames,Yes,624.0,Mountain,2011-07-01,2007-12-28
83,294,CO-MF-FR-M94S-46,HL MOUNTAIN FRAME - SILVER- 46,CO-MF,Components,Mountain Frames,Yes,661.0,Mountain,2012-07-01,2008-12-27
84,295,CO-MF-FR-M94S-46,HL MOUNTAIN FRAME - SILVER- 46,CO-MF,Components,Mountain Frames,Yes,747.0,Mountain,2013-07-01,
85,296,CO-MF-FR-M94B-42,HL MOUNTAIN FRAME - BLACK- 42,CO-MF,Components,Mountain Frames,Yes,617.0,Mountain,2011-07-01,2007-12-28
86,297,CO-MF-FR-M94B-42,HL MOUNTAIN FRAME - BLACK- 42,CO-MF,Components,Mountain Frames,Yes,654.0,Mountain,2012-07-01,2008-12-27
87,298,CO-MF-FR-M94B-42,HL MOUNTAIN FRAME - BLACK- 42,CO-MF,Components,Mountain Frames,Yes,739.0,Mountain,2013-07-01,
88,299,CO-MF-FR-M94B-44,HL MOUNTAIN FRAME - BLACK- 44,CO-MF,Components,Mountain Frames,Yes,699.0,Mountain,2011-07-01,2007-12-28
89,300,CO-MF-FR-M94B-48,HL MOUNTAIN FRAME - BLACK- 48,CO-MF,Components,Mountain Frames,Yes,699.0,Mountain,2011-07-01,2007-12-28
90,301,CO-MF-FR-M94B-46,HL MOUNTAIN FRAME - BLACK- 46,CO-MF,Components,Mountain Frames,Yes,617.0,Mountain,2011-07-01,2007-12-28
91,302,CO-MF-FR-M94B-46,HL MOUNTAIN FRAME - BLACK- 46,CO-MF,Components,Mountain Frames,Yes,654.0,Mountain,2012-07-01,2008-12-27
92,303,CO-MF-FR-M94B-46,HL MOUNTAIN FRAME - BLACK- 46,CO-MF,Components,Mountain Frames,Yes,739.0,Mountain,2013-07-01,
93,304,CO-MF-FR-M94B-38,HL MOUNTAIN FRAME - BLACK- 38,CO-MF,Components,Mountain Frames,Yes,617.0,Mountain,2011-07-01,2007-12-28
94,305,CO-MF-FR-M94B-38,HL MOUNTAIN FRAME - BLACK- 38,CO-MF,Components,Mountain Frames,Yes,654.0,Mountain,2012-07-01,2008-12-27
95,306,CO-MF-FR-M94B-38,HL MOUNTAIN FRAME - BLACK- 38,CO-MF,Components,Mountain Frames,Yes,739.0,Mountain,2013-07-01,
96,307,CO-MF-FR-M94S-38,HL MOUNTAIN FRAME - SILVER- 38,CO-MF,Components,Mountain Frames,Yes,624.0,Mountain,2011-07-01,2007-12-28
97,308,CO-MF-FR-M94S-38,HL MOUNTAIN FRAME - SILVER- 38,CO-MF,Components,Mountain Frames,Yes,661.0,Mountain,2012-07-01,2008-12-27
98,309,CO-MF-FR-M94S-38,HL MOUNTAIN FRAME - SILVER- 38,CO-MF,Components,Mountain Frames,Yes,747.0,Mountain,2013-07-01,
99,310,BI-RB-BK-R93R-62,ROAD-150 RED- 62,BI-RB,Bikes,Road Bikes,Yes,2171.0,Roadways,2011-07-01,2007-12-28
100,311,BI-RB-BK-R93R-44,ROAD-150 RED- 44,BI-RB,Bikes,Road Bikes,Yes,2171.0,Roadways,2011-07-01,2007-12-28
101,312,BI-RB-BK-R93R-48,ROAD-150 RED- 48,BI-RB,Bikes,Road Bikes,Yes,2171.0,Roadways,2011-07-01,2007-12-28
102,313,BI-RB-BK-R93R-52,ROAD-150 RED- 52,BI-RB,Bikes,Road Bikes,Yes,2171.0,Roadways,2011-07-01,2007-12-28
103,314,BI-RB-BK-R93R-56,ROAD-150 RED- 56,BI-RB,Bikes,Road Bikes,Yes,2171.0,Roadways,2011-07-01,2007-12-28
104,315,BI-RB-BK-R68R-58,ROAD-450 RED- 58,BI-RB,Bikes,Road Bikes,Yes,885.0,Roadways,2011-07-01,2007-12-28
105,316,BI-RB-BK-R68R-60,ROAD-450 RED- 60,BI-RB,Bikes,Road Bikes,Yes,885.0,Roadways,2011-07-01,2007-12-28
106,317,BI-RB-BK-R68R-44,ROAD-450 RED- 44,BI-RB,Bikes,Road Bikes,Yes,885.0,Roadways,2011-07-01,2007-12-28
107,318,BI-RB-BK-R68R-48,ROAD-450 RED- 48,BI-RB,Bikes,Road Bikes,Yes,885.0,Roadways,2011-07-01,2007-12-28
108,319,BI-RB-BK-R68R-52,ROAD-450 RED- 52,BI-RB,Bikes,Road Bikes,Yes,885.0,Roadways,2011-07-01,2007-12-28
109,320,BI-RB-BK-R50R-58,ROAD-650 RED- 58,BI-RB,Bikes,Road Bikes,Yes,413.0,Roadways,2011-07-01,2007-12-28
110,321,BI-RB-BK-R50R-58,ROAD-650 RED- 58,BI-RB,Bikes,Road Bikes,Yes,487.0,Roadways,2012-07-01,2008-12-27
111,322,BI-RB-BK-R50R-60,ROAD-650 RED- 60,BI-RB,Bikes,Road Bikes,Yes,413.0,Roadways,2011-07-01,2007-12-28
112,323,BI-RB-BK-R50R-60,ROAD-650 RED- 60,BI-RB,Bikes,Road Bikes,Yes,487.0,Roadways,2012-07-01,2008-12-27
113,324,BI-RB-BK-R50R-62,ROAD-650 RED- 62,BI-RB,Bikes,Road Bikes,Yes,413.0,Roadways,2011-07-01,2007-12-28
114,325,BI-RB-BK-R50R-62,ROAD-650 RED- 62,BI-RB,Bikes,Road Bikes,Yes,487.0,Roadways,2012-07-01,2008-12-27
115,326,BI-RB-BK-R50R-44,ROAD-650 RED- 44,BI-RB,Bikes,Road Bikes,Yes,413.0,Roadways,2011-07-01,2007-12-28
116,327,BI-RB-BK-R50R-44,ROAD-650 RED- 44,BI-RB,Bikes,Road Bikes,Yes,487.0,Roadways,2012-07-01,2008-12-27
117,328,BI-RB-BK-R50R-48,ROAD-650 RED- 48,BI-RB,Bikes,Road Bikes,Yes,413.0,Roadways,2011-07-01,2007-12-28
118,329,BI-RB-BK-R50R-48,ROAD-650 RED- 48,BI-RB,Bikes,Road Bikes,Yes,487.0,Roadways,2012-07-01,2008-12-27
119,330,BI-RB-BK-R50R-52,ROAD-650 RED- 52,BI-RB,Bikes,Road Bikes,Yes,413.0,Roadways,2011-07-01,2007-12-28
120,331,BI-RB-BK-R50R-52,ROAD-650 RED- 52,BI-RB,Bikes,Road Bikes,Yes,487.0,Roadways,2012-07-01,2008-12-27
121,332,BI-RB-BK-R50B-58,ROAD-650 BLACK- 58,BI-RB,Bikes,Road Bikes,Yes,413.0,Roadways,2011-07-01,2007-12-28
122,333,BI-RB-BK-R50B-58,ROAD-650 BLACK- 58,BI-RB,Bikes,Road Bikes,Yes,487.0,Roadways,2012-07-01,2008-12-27
123,334,BI-RB-BK-R50B-60,ROAD-650 BLACK- 60,BI-RB,Bikes,Road Bikes,Yes,413.0,Roadways,2011-07-01,2007-12-28
124,335,BI-RB-BK-R50B-60,ROAD-650 BLACK- 60,BI-RB,Bikes,Road Bikes,Yes,487.0,Roadways,2012-07-01,2008-12-27
125,336,BI-RB-BK-R50B-62,ROAD-650 BLACK- 62,BI-RB,Bikes,Road Bikes,Yes,413.0,Roadways,2011-07-01,2007-12-28
126,337,BI-RB-BK-R50B-62,ROAD-650 BLACK- 62,BI-RB,Bikes,Road Bikes,Yes,487.0,Roadways,2012-07-01,2008-12-27
127,338,BI-RB-BK-R50B-44,ROAD-650 BLACK- 44,BI-RB,Bikes,Road Bikes,Yes,413.0,Roadways,2011-07-01,2007-12-28
128,339,BI-RB-BK-R50B-44,ROAD-650 BLACK- 44,BI-RB,Bikes,Road Bikes,Yes,487.0,Roadways,2012-07-01,2008-12-27
129,340,BI-RB-BK-R50B-48,ROAD-650 BLACK- 48,BI-RB,Bikes,Road Bikes,Yes,413.0,Roadways,2011-07-01,2007-12-28
130,341,BI-RB-BK-R50B-48,ROAD-650 BLACK- 48,BI-RB,Bikes,Road Bikes,Yes,487.0,Roadways,2012-07-01,2008-12-27
131,342,BI-RB-BK-R50B-52,ROAD-650 BLACK- 52,BI-RB,Bikes,Road Bikes,Yes,413.0,Roadways,2011-07-01,2007-12-28
132,343,BI-RB-BK-R50B-52,ROAD-650 BLACK- 52,BI-RB,Bikes,Road Bikes,Yes,487.0,Roadways,2012-07-01,2008-12-27
133,344,BI-MB-BK-M82S-38,MOUNTAIN-100 SILVER- 38,BI-MB,Bikes,Mountain Bikes,Yes,1912.0,Mountain,2011-07-01,2007-12-28
134,345,BI-MB-BK-M82S-42,MOUNTAIN-100 SILVER- 42,BI-MB,Bikes,Mountain Bikes,Yes,1912.0,Mountain,2011-07-01,2007-12-28
135,346,BI-MB-BK-M82S-44,MOUNTAIN-100 SILVER- 44,BI-MB,Bikes,Mountain Bikes,Yes,1912.0,Mountain,2011-07-01,2007-12-28
136,347,BI-MB-BK-M82S-48,MOUNTAIN-100 SILVER- 48,BI-MB,Bikes,Mountain Bikes,Yes,1912.0,Mountain,2011-07-01,2007-12-28
137,348,BI-MB-BK-M82B-38,MOUNTAIN-100 BLACK- 38,BI-MB,Bikes,Mountain Bikes,Yes,1898.0,Mountain,2011-07-01,2007-12-28
138,349,BI-MB-BK-M82B-42,MOUNTAIN-100 BLACK- 42,BI-MB,Bikes,Mountain Bikes,Yes,1898.0,Mountain,2011-07-01,2007-12-28
139,350,BI-MB-BK-M82B-44,MOUNTAIN-100 BLACK- 44,BI-MB,Bikes,Mountain Bikes,Yes,1898.0,Mountain,2011-07-01,2007-12-28
140,351,BI-MB-BK-M82B-48,MOUNTAIN-100 BLACK- 48,BI-MB,Bikes,Mountain Bikes,Yes,1898.0,Mountain,2011-07-01,2007-12-28
141,352,BI-MB-BK-M68S-38,MOUNTAIN-200 SILVER- 38,BI-MB,Bikes,Mountain Bikes,Yes,1118.0,Mountain,2012-07-01,2008-12-27
142,353,BI-MB-BK-M68S-38,MOUNTAIN-200 SILVER- 38,BI-MB,Bikes,Mountain Bikes,Yes,1266.0,Mountain,2013-07-01,
143,354,BI-MB-BK-M68S-42,MOUNTAIN-200 SILVER- 42,BI-MB,Bikes,Mountain Bikes,Yes,1118.0,Mountain,2012-07-01,2008-12-27
144,355,BI-MB-BK-M68S-42,MOUNTAIN-200 SILVER- 42,BI-MB,Bikes,Mountain Bikes,Yes,1266.0,Mountain,2013-07-01,
145,356,BI-MB-BK-M68S-46,MOUNTAIN-200 SILVER- 46,BI-MB,Bikes,Mountain Bikes,Yes,1118.0,Mountain,2012-07-01,2008-12-27
146,357,BI-MB-BK-M68S-46,MOUNTAIN-200 SILVER- 46,BI-MB,Bikes,Mountain Bikes,Yes,1266.0,Mountain,2013-07-01,
147,358,BI-MB-BK-M68B-38,MOUNTAIN-200 BLACK- 38,BI-MB,Bikes,Mountain Bikes,Yes,1106.0,Mountain,2012-07-01,2008-12-27
148,359,BI-MB-BK-M68B-38,MOUNTAIN-200 BLACK- 38,BI-MB,Bikes,Mountain Bikes,Yes,1252.0,Mountain,2013-07-01,
149,360,BI-MB-BK-M68B-42,MOUNTAIN-200 BLACK- 42,BI-MB,Bikes,Mountain Bikes,Yes,1106.0,Mountain,2012-07-01,2008-12-27
150,361,BI-MB-BK-M68B-42,MOUNTAIN-200 BLACK- 42,BI-MB,Bikes,Mountain Bikes,Yes,1252.0,Mountain,2013-07-01,
151,362,BI-MB-BK-M68B-46,MOUNTAIN-200 BLACK- 46,BI-MB,Bikes,Mountain Bikes,Yes,1106.0,Mountain,2012-07-01,2008-12-27
152,363,BI-MB-BK-M68B-46,MOUNTAIN-200 BLACK- 46,BI-MB,Bikes,Mountain Bikes,Yes,1252.0,Mountain,2013-07-01,
153,364,BI-MB-BK-M47B-38,MOUNTAIN-300 BLACK- 38,BI-MB,Bikes,Mountain Bikes,Yes,598.0,Mountain,2012-07-01,2008-12-27
154,365,BI-MB-BK-M47B-40,MOUNTAIN-300 BLACK- 40,BI-MB,Bikes,Mountain Bikes,Yes,598.0,Mountain,2012-07-01,2008-12-27
155,366,BI-MB-BK-M47B-44,MOUNTAIN-300 BLACK- 44,BI-MB,Bikes,Mountain Bikes,Yes,598.0,Mountain,2012-07-01,2008-12-27
156,367,BI-MB-BK-M47B-48,MOUNTAIN-300 BLACK- 48,BI-MB,Bikes,Mountain Bikes,Yes,598.0,Mountain,2012-07-01,2008-12-27
157,368,BI-RB-BK-R89R-44,ROAD-250 RED- 44,BI-RB,Bikes,Road Bikes,Yes,1519.0,Roadways,2012-07-01,2008-12-27
158,369,BI-RB-BK-R89R-48,ROAD-250 RED- 48,BI-RB,Bikes,Road Bikes,Yes,1519.0,Roadways,2012-07-01,2008-12-27
159,370,BI-RB-BK-R89R-52,ROAD-250 RED- 52,BI-RB,Bikes,Road Bikes,Yes,1519.0,Roadways,2012-07-01,2008-12-27
160,371,BI-RB-BK-R89R-58,ROAD-250 RED- 58,BI-RB,Bikes,Road Bikes,Yes,1321.0,Roadways,2012-07-01,2008-12-27
161,372,BI-RB-BK-R89R-58,ROAD-250 RED- 58,BI-RB,Bikes,Road Bikes,Yes,1555.0,Roadways,2013-07-01,
162,373,BI-RB-BK-R89B-44,ROAD-250 BLACK- 44,BI-RB,Bikes,Road Bikes,Yes,1321.0,Roadways,2012-07-01,2008-12-27
163,374,BI-RB-BK-R89B-44,ROAD-250 BLACK- 44,BI-RB,Bikes,Road Bikes,Yes,1555.0,Roadways,2013-07-01,
164,375,BI-RB-BK-R89B-48,ROAD-250 BLACK- 48,BI-RB,Bikes,Road Bikes,Yes,1321.0,Roadways,2012-07-01,2008-12-27
165,376,BI-RB-BK-R89B-48,ROAD-250 BLACK- 48,BI-RB,Bikes,Road Bikes,Yes,1555.0,Roadways,2013-07-01,
166,377,BI-RB-BK-R89B-52,ROAD-250 BLACK- 52,BI-RB,Bikes,Road Bikes,Yes,1321.0,Roadways,2012-07-01,2008-12-27
167,378,BI-RB-BK-R89B-52,ROAD-250 BLACK- 52,BI-RB,Bikes,Road Bikes,Yes,1555.0,Roadways,2013-07-01,
168,379,BI-RB-BK-R89B-58,ROAD-250 BLACK- 58,BI-RB,Bikes,Road Bikes,Yes,1321.0,Roadways,2012-07-01,2008-12-27
169,380,BI-RB-BK-R89B-58,ROAD-250 BLACK- 58,BI-RB,Bikes,Road Bikes,Yes,1555.0,Roadways,2013-07-01,
170,381,BI-RB-BK-R64Y-38,ROAD-550-W YELLOW- 38,BI-RB,Bikes,Road Bikes,Yes,606.0,Roadways,2012-07-01,2008-12-27
171,382,BI-RB-BK-R64Y-38,ROAD-550-W YELLOW- 38,BI-RB,Bikes,Road Bikes,Yes,713.0,Roadways,2013-07-01,
172,383,BI-RB-BK-R64Y-40,ROAD-550-W YELLOW- 40,BI-RB,Bikes,Road Bikes,Yes,606.0,Roadways,2012-07-01,2008-12-27
173,384,BI-RB-BK-R64Y-40,ROAD-550-W YELLOW- 40,BI-RB,Bikes,Road Bikes,Yes,713.0,Roadways,2013-07-01,
174,385,BI-RB-BK-R64Y-42,ROAD-550-W YELLOW- 42,BI-RB,Bikes,Road Bikes,Yes,606.0,Roadways,2012-07-01,2008-12-27
175,386,BI-RB-BK-R64Y-42,ROAD-550-W YELLOW- 42,BI-RB,Bikes,Road Bikes,Yes,713.0,Roadways,2013-07-01,
176,387,BI-RB-BK-R64Y-44,ROAD-550-W YELLOW- 44,BI-RB,Bikes,Road Bikes,Yes,606.0,Roadways,2012-07-01,2008-12-27
177,388,BI-RB-BK-R64Y-44,ROAD-550-W YELLOW- 44,BI-RB,Bikes,Road Bikes,Yes,713.0,Roadways,2013-07-01,
178,389,BI-RB-BK-R64Y-48,ROAD-550-W YELLOW- 48,BI-RB,Bikes,Road Bikes,Yes,606.0,Roadways,2012-07-01,2008-12-27
179,390,BI-RB-BK-R64Y-48,ROAD-550-W YELLOW- 48,BI-RB,Bikes,Road Bikes,Yes,713.0,Roadways,2013-07-01,
180,391,CO-FO-FK-1639,LL FORK,CO-FO,Components,Forks,Yes,66.0,Unknown,2012-07-01,2008-12-27
181,392,CO-FO-FK-5136,ML FORK,CO-FO,Components,Forks,Yes,78.0,Unknown,2012-07-01,2008-12-27
182,393,CO-FO-FK-9939,HL FORK,CO-FO,Components,Forks,Yes,102.0,Unknown,2012-07-01,2008-12-27
183,394,CO-HS-HS-0296,LL HEADSET,CO-HS,Components,Headsets,No,15.0,Unknown,2012-07-01,2008-12-27
184,395,CO-HS-HS-2451,ML HEADSET,CO-HS,Components,Headsets,No,45.0,Unknown,2012-07-01,2008-12-27
185,396,CO-HS-HS-3479,HL HEADSET,CO-HS,Components,Headsets,No,55.0,Unknown,2012-07-01,2008-12-27
186,397,CO-HB-HB-M243,LL MOUNTAIN HANDLEBARS,CO-HB,Components,Handlebars,No,18.0,Mountain,2012-07-01,2008-12-27
187,398,CO-HB-HB-M243,LL MOUNTAIN HANDLEBARS,CO-HB,Components,Handlebars,No,20.0,Mountain,2013-07-01,
188,399,CO-HB-HB-M763,ML MOUNTAIN HANDLEBARS,CO-HB,Components,Handlebars,No,25.0,Mountain,2012-07-01,2008-12-27
189,400,CO-HB-HB-M763,ML MOUNTAIN HANDLEBARS,CO-HB,Components,Handlebars,No,27.0,Mountain,2013-07-01,
190,401,CO-HB-HB-M918,HL MOUNTAIN HANDLEBARS,CO-HB,Components,Handlebars,No,49.0,Mountain,2012-07-01,2008-12-27
191,402,CO-HB-HB-M918,HL MOUNTAIN HANDLEBARS,CO-HB,Components,Handlebars,No,53.0,Mountain,2013-07-01,
192,403,CO-HB-HB-R504,LL ROAD HANDLEBARS,CO-HB,Components,Handlebars,No,18.0,Roadways,2012-07-01,2008-12-27
193,404,CO-HB-HB-R504,LL ROAD HANDLEBARS,CO-HB,Components,Handlebars,No,20.0,Roadways,2013-07-01,
194,405,CO-HB-HB-R720,ML ROAD HANDLEBARS,CO-HB,Components,Handlebars,No,25.0,Roadways,2012-07-01,2008-12-27
195,406,CO-HB-HB-R720,ML ROAD HANDLEBARS,CO-HB,Components,Handlebars,No,27.0,Roadways,2013-07-01,
196,407,CO-HB-HB-R956,HL ROAD HANDLEBARS,CO-HB,Components,Handlebars,No,49.0,Roadways,2012-07-01,2008-12-27
197,408,CO-HB-HB-R956,HL ROAD HANDLEBARS,CO-HB,Components,Handlebars,No,53.0,Roadways,2013-07-01,
198,409,CO-MF-FR-M63B-38,ML MOUNTAIN FRAME - BLACK- 38,CO-MF,Components,Mountain Frames,Yes,186.0,Mountain,2012-07-01,2008-12-27
199,410,CO-WH-FW-M423,LL MOUNTAIN FRONT WHEEL,CO-WH,Components,Wheels,Yes,27.0,Mountain,2012-07-01,2008-12-27
200,411,CO-WH-FW-M762,ML MOUNTAIN FRONT WHEEL,CO-WH,Components,Wheels,Yes,93.0,Mountain,2012-07-01,2008-12-27
201,412,CO-WH-FW-M928,HL MOUNTAIN FRONT WHEEL,CO-WH,Components,Wheels,Yes,133.0,Mountain,2012-07-01,2008-12-27
202,413,CO-WH-FW-R623,LL ROAD FRONT WHEEL,CO-WH,Components,Wheels,Yes,38.0,Roadways,2012-07-01,2008-12-27
203,414,CO-WH-FW-R762,ML ROAD FRONT WHEEL,CO-WH,Components,Wheels,Yes,110.0,Roadways,2012-07-01,2008-12-27
204,415,CO-WH-FW-R820,HL ROAD FRONT WHEEL,CO-WH,Components,Wheels,Yes,147.0,Roadways,2012-07-01,2008-12-27
205,416,CO-WH-FW-T905,TOURING FRONT WHEEL,CO-WH,Components,Wheels,Yes,97.0,Touring,2012-07-01,2008-12-27
206,417,CO-RF-FR-R72Y-38,ML ROAD FRAME-W - YELLOW- 38,CO-RF,Components,Road Frames,Yes,300.0,Roadways,2012-07-01,2008-12-27
207,418,CO-RF-FR-R72Y-38,ML ROAD FRAME-W - YELLOW- 38,CO-RF,Components,Road Frames,Yes,361.0,Roadways,2013-07-01,
208,419,CO-WH-RW-M423,LL MOUNTAIN REAR WHEEL,CO-WH,Components,Wheels,Yes,39.0,Mountain,2012-07-01,2008-12-27
209,420,CO-WH-RW-M762,ML MOUNTAIN REAR WHEEL,CO-WH,Components,Wheels,Yes,105.0,Mountain,2012-07-01,2008-12-27
210,421,CO-WH-RW-M928,HL MOUNTAIN REAR WHEEL,CO-WH,Components,Wheels,Yes,145.0,Mountain,2012-07-01,2008-12-27
211,422,CO-WH-RW-R623,LL ROAD REAR WHEEL,CO-WH,Components,Wheels,Yes,50.0,Roadways,2012-07-01,2008-12-27
212,423,CO-WH-RW-R762,ML ROAD REAR WHEEL,CO-WH,Components,Wheels,Yes,122.0,Roadways,2012-07-01,2008-12-27
213,424,CO-WH-RW-R820,HL ROAD REAR WHEEL,CO-WH,Components,Wheels,Yes,159.0,Roadways,2012-07-01,2008-12-27
214,425,CO-WH-RW-T905,TOURING REAR WHEEL,CO-WH,Components,Wheels,Yes,109.0,Touring,2012-07-01,2008-12-27
215,426,CO-MF-FR-M63B-40,ML MOUNTAIN FRAME - BLACK- 40,CO-MF,Components,Mountain Frames,Yes,186.0,Mountain,2012-07-01,2008-12-27
216,427,CO-MF-FR-M63B-44,ML MOUNTAIN FRAME - BLACK- 44,CO-MF,Components,Mountain Frames,Yes,186.0,Mountain,2012-07-01,2008-12-27
217,428,CO-MF-FR-M63B-48,ML MOUNTAIN FRAME - BLACK- 48,CO-MF,Components,Mountain Frames,Yes,186.0,Mountain,2012-07-01,2008-12-27
218,429,CO-RF-FR-R72Y-40,ML ROAD FRAME-W - YELLOW- 40,CO-RF,Components,Road Frames,Yes,300.0,Roadways,2012-07-01,2008-12-27
219,430,CO-RF-FR-R72Y-40,ML ROAD FRAME-W - YELLOW- 40,CO-RF,Components,Road Frames,Yes,361.0,Roadways,2013-07-01,
220,431,CO-RF-FR-R72Y-42,ML ROAD FRAME-W - YELLOW- 42,CO-RF,Components,Road Frames,Yes,300.0,Roadways,2012-07-01,2008-12-27
221,432,CO-RF-FR-R72Y-42,ML ROAD FRAME-W - YELLOW- 42,CO-RF,Components,Road Frames,Yes,361.0,Roadways,2013-07-01,
222,433,CO-RF-FR-R72Y-44,ML ROAD FRAME-W - YELLOW- 44,CO-RF,Components,Road Frames,Yes,300.0,Roadways,2012-07-01,2008-12-27
223,434,CO-RF-FR-R72Y-44,ML ROAD FRAME-W - YELLOW- 44,CO-RF,Components,Road Frames,Yes,361.0,Roadways,2013-07-01,
224,435,CO-RF-FR-R72Y-48,ML ROAD FRAME-W - YELLOW- 48,CO-RF,Components,Road Frames,Yes,300.0,Roadways,2012-07-01,2008-12-27
225,436,CO-RF-FR-R72Y-48,ML ROAD FRAME-W - YELLOW- 48,CO-RF,Components,Road Frames,Yes,361.0,Roadways,2013-07-01,
226,437,CO-RF-FR-R92B-62,HL ROAD FRAME - BLACK- 62,CO-RF,Components,Road Frames,Yes,722.0,Roadways,2012-07-01,2008-12-27
227,438,CO-RF-FR-R92B-62,HL ROAD FRAME - BLACK- 62,CO-RF,Components,Road Frames,Yes,869.0,Roadways,2013-07-01,
228,439,CO-RF-FR-R92B-44,HL ROAD FRAME - BLACK- 44,CO-RF,Components,Road Frames,Yes,722.0,Roadways,2012-07-01,2008-12-27
229,440,CO-RF-FR-R92B-44,HL ROAD FRAME - BLACK- 44,CO-RF,Components,Road Frames,Yes,869.0,Roadways,2013-07-01,
230,441,CO-RF-FR-R92B-48,HL ROAD FRAME - BLACK- 48,CO-RF,Components,Road Frames,Yes,722.0,Roadways,2012-07-01,2008-12-27
231,442,CO-RF-FR-R92B-48,HL ROAD FRAME - BLACK- 48,CO-RF,Components,Road Frames,Yes,869.0,Roadways,2013-07-01,
232,443,CO-RF-FR-R92B-52,HL ROAD FRAME - BLACK- 52,CO-RF,Components,Road Frames,Yes,722.0,Roadways,2012-07-01,2008-12-27
233,444,CO-RF-FR-R92B-52,HL ROAD FRAME - BLACK- 52,CO-RF,Components,Road Frames,Yes,869.0,Roadways,2013-07-01,
234,445,CL-SH-SH-M897-S,MEN'S SPORTS SHORTS- S,CL-SH,Clothing,Shorts,No,25.0,Sports,2012-07-01,2008-12-27
235,446,AC-PA-PA-T100,TOURING-PANNIERS- LARGE,AC-PA,Accessories,Panniers,No,52.0,Touring,2012-07-01,2008-12-27
236,447,AC-LO-LO-C100,CABLE LOCK,AC-LO,Accessories,Locks,Yes,10.0,Sports,2012-07-01,2008-12-27
237,448,AC-PU-PU-0452,MINIPUMP,AC-PU,Accessories,Pumps,Yes,8.0,Sports,2012-07-01,2008-12-27
238,449,AC-PU-PU-M044,MOUNTAIN PUMP,AC-PU,Accessories,Pumps,Yes,10.0,Mountain,2012-07-01,2008-12-27
239,450,AC-LI-LT-T990,TAILLIGHTS - BATTERY-POWERED,AC-LI,Accessories,Lights,Yes,6.0,Roadways,2012-07-01,2008-12-27
240,451,AC-LI-LT-H902,HEADLIGHTS - DUAL-BEAM,AC-LI,Accessories,Lights,Yes,14.0,Roadways,2012-07-01,2008-12-27
241,452,AC-LI-LT-H903,HEADLIGHTS - WEATHERPROOF,AC-LI,Accessories,Lights,Yes,19.0,Roadways,2012-07-01,2008-12-27
242,453,CL-SH-SH-M897-M,MEN'S SPORTS SHORTS- M,CL-SH,Clothing,Shorts,No,25.0,Sports,2012-07-01,2008-12-27
243,454,CL-SH-SH-M897-L,MEN'S SPORTS SHORTS- L,CL-SH,Clothing,Shorts,No,25.0,Sports,2012-07-01,2008-12-27
244,455,CL-SH-SH-M897-X,MEN'S SPORTS SHORTS- XL,CL-SH,Clothing,Shorts,No,25.0,Sports,2012-07-01,2008-12-27
245,456,CL-TI-TG-W091-S,WOMEN'S TIGHTS- S,CL-TI,Clothing,Tights,No,31.0,Sports,2012-07-01,2008-12-27
246,457,CL-TI-TG-W091-M,WOMEN'S TIGHTS- M,CL-TI,Clothing,Tights,No,31.0,Sports,2012-07-01,2008-12-27
247,458,CL-TI-TG-W091-L,WOMEN'S TIGHTS- L,CL-TI,Clothing,Tights,No,31.0,Sports,2012-07-01,2008-12-27
248,459,CL-BS-SB-M891-S,MEN'S BIB-SHORTS- S,CL-BS,Clothing,Bib-Shorts,No,37.0,Sports,2012-07-01,2008-12-27
249,460,CL-BS-SB-M891-M,MEN'S BIB-SHORTS- M,CL-BS,Clothing,Bib-Shorts,No,37.0,Sports,2012-07-01,2008-12-27
250,461,CL-BS-SB-M891-L,MEN'S BIB-SHORTS- L,CL-BS,Clothing,Bib-Shorts,No,37.0,Sports,2012-07-01,2008-12-27
251,462,CL-GL-GL-H102-S,HALF-FINGER GLOVES- S,CL-GL,Clothing,Gloves,No,10.0,Sports,2012-07-01,2008-12-27
252,463,CL-GL-GL-H102-S,HALF-FINGER GLOVES- S,CL-GL,Clothing,Gloves,No,9.0,Sports,2013-07-01,
253,464,CL-GL-GL-H102-M,HALF-FINGER GLOVES- M,CL-GL,Clothing,Gloves,No,10.0,Sports,2012-07-01,2008-12-27
254,465,CL-GL-GL-H102-M,HALF-FINGER GLOVES- M,CL-GL,Clothing,Gloves,No,9.0,Sports,2013-07-01,
255,466,CL-GL-GL-H102-L,HALF-FINGER GLOVES- L,CL-GL,Clothing,Gloves,No,10.0,Sports,2012-07-01,2008-12-27
256,467,CL-GL-GL-H102-L,HALF-FINGER GLOVES- L,CL-GL,Clothing,Gloves,No,9.0,Sports,2013-07-01,
257,468,CL-GL-GL-F110-S,FULL-FINGER GLOVES- S,CL-GL,Clothing,Gloves,No,16.0,Mountain,2012-07-01,2008-12-27
258,469,CL-GL-GL-F110-M,FULL-FINGER GLOVES- M,CL-GL,Clothing,Gloves,No,16.0,Mountain,2012-07-01,2008-12-27
259,470,CL-GL-GL-F110-L,FULL-FINGER GLOVES- L,CL-GL,Clothing,Gloves,No,16.0,Mountain,2012-07-01,2008-12-27
260,471,CL-VE-VE-C304-S,CLASSIC VEST- S,CL-VE,Clothing,Vests,No,24.0,Sports,2013-07-01,
261,472,CL-VE-VE-C304-M,CLASSIC VEST- M,CL-VE,Clothing,Vests,No,24.0,Sports,2013-07-01,
262,473,CL-VE-VE-C304-L,CLASSIC VEST- L,CL-VE,Clothing,Vests,No,24.0,Sports,2013-07-01,
263,474,CL-SH-SH-W890-S,WOMEN'S MOUNTAIN SHORTS- S,CL-SH,Clothing,Shorts,No,26.0,Mountain,2013-07-01,
264,475,CL-SH-SH-W890-M,WOMEN'S MOUNTAIN SHORTS- M,CL-SH,Clothing,Shorts,No,26.0,Mountain,2013-07-01,
265,476,CL-SH-SH-W890-L,WOMEN'S MOUNTAIN SHORTS- L,CL-SH,Clothing,Shorts,No,26.0,Mountain,2013-07-01,
266,477,AC-BC-WB-H098,WATER BOTTLE - 30 OZ.,AC-BC,Accessories,Bottles And Cages,No,2.0,Sports,2013-07-01,
267,478,AC-BC-BC-M005,MOUNTAIN BOTTLE CAGE,AC-BC,Accessories,Bottles And Cages,No,4.0,Mountain,2013-07-01,
268,479,AC-BC-BC-R205,ROAD BOTTLE CAGE,AC-BC,Accessories,Bottles And Cages,No,3.0,Roadways,2013-07-01,
269,480,AC-TT-PK-7098,PATCH KIT/8 PATCHES,AC-TT,Accessories,Tires And Tubes,Yes,1.0,Sports,2013-07-01,
270,481,CL-SO-SO-R809-M,RACING SOCKS- M,CL-SO,Clothing,Socks,No,3.0,Roadways,2013-07-01,
271,482,CL-SO-SO-R809-L,RACING SOCKS- L,CL-SO,Clothing,Socks,No,3.0,Roadways,2013-07-01,
272,483,AC-BR-RA-H123,HITCH RACK - 4-BIKE,AC-BR,Accessories,Bike Racks,Yes,45.0,Sports,2013-07-01,
273,484,AC-CL-CL-9009,BIKE WASH - DISSOLVER,AC-CL,Accessories,Cleaners,Yes,3.0,Sports,2013-07-01,
274,485,AC-FE-FE-6654,FENDER SET - MOUNTAIN,AC-FE,Accessories,Fenders,No,8.0,Mountain,2013-07-01,
275,486,AC-BS-ST-1401,ALL-PURPOSE BIKE STAND,AC-BS,Accessories,Bike Stands,No,59.0,Mountain,2013-07-01,
276,487,AC-HP-HY-1023-70,HYDRATION PACK - 70 OZ.,AC-HP,Accessories,Hydration Packs,No,21.0,Sports,2013-07-01,
277,488,CL-JE-SJ-0194-S,SHORT-SLEEVE CLASSIC JERSEY- S,CL-JE,Clothing,Jerseys,No,42.0,Sports,2013-07-01,
278,489,CL-JE-SJ-0194-M,SHORT-SLEEVE CLASSIC JERSEY- M,CL-JE,Clothing,Jerseys,No,42.0,Sports,2013-07-01,
279,490,CL-JE-SJ-0194-L,SHORT-SLEEVE CLASSIC JERSEY- L,CL-JE,Clothing,Jerseys,No,42.0,Sports,2013-07-01,
280,491,CL-JE-SJ-0194-X,SHORT-SLEEVE CLASSIC JERSEY- XL,CL-JE,Clothing,Jerseys,No,42.0,Sports,2013-07-01,
281,492,CO-TF-FR-T98Y-60,HL TOURING FRAME - YELLOW- 60,CO-TF,Components,Touring Frames,Yes,602.0,Touring,2013-07-01,
282,493,CO-TF-FR-T67Y-62,LL TOURING FRAME - YELLOW- 62,CO-TF,Components,Touring Frames,Yes,200.0,Touring,2013-07-01,
283,494,CO-TF-FR-T98Y-46,HL TOURING FRAME - YELLOW- 46,CO-TF,Components,Touring Frames,Yes,602.0,Touring,2013-07-01,
284,495,CO-TF-FR-T98Y-50,HL TOURING FRAME - YELLOW- 50,CO-TF,Components,Touring Frames,Yes,602.0,Touring,2013-07-01,
285,496,CO-TF-FR-T98Y-54,HL TOURING FRAME - YELLOW- 54,CO-TF,Components,Touring Frames,Yes,602.0,Touring,2013-07-01,
286,497,CO-TF-FR-T98U-46,HL TOURING FRAME - BLUE- 46,CO-TF,Components,Touring Frames,Yes,602.0,Touring,2013-07-01,
287,498,CO-TF-FR-T98U-50,HL TOURING FRAME - BLUE- 50,CO-TF,Components,Touring Frames,Yes,602.0,Touring,2013-07-01,
288,499,CO-TF-FR-T98U-54,HL TOURING FRAME - BLUE- 54,CO-TF,Components,Touring Frames,Yes,602.0,Touring,2013-07-01,
289,500,CO-TF-FR-T98U-60,HL TOURING FRAME - BLUE- 60,CO-TF,Components,Touring Frames,Yes,602.0,Touring,2013-07-01,
290,501,CO-DE-RD-2308,REAR DERAILLEUR,CO-DE,Components,Derailleurs,Yes,54.0,Unknown,2013-07-01,
291,502,CO-TF-FR-T67U-50,LL TOURING FRAME - BLUE- 50,CO-TF,Components,Touring Frames,Yes,200.0,Touring,2013-07-01,
292,503,CO-TF-FR-T67U-54,LL TOURING FRAME - BLUE- 54,CO-TF,Components,Touring Frames,Yes,200.0,Touring,2013-07-01,
293,504,CO-TF-FR-T67U-58,LL TOURING FRAME - BLUE- 58,CO-TF,Components,Touring Frames,Yes,200.0,Touring,2013-07-01,
294,505,CO-TF-FR-T67U-62,LL TOURING FRAME - BLUE- 62,CO-TF,Components,Touring Frames,Yes,200.0,Touring,2013-07-01,
295,506,CO-TF-FR-T67Y-44,LL TOURING FRAME - YELLOW- 44,CO-TF,Components,Touring Frames,Yes,200.0,Touring,2013-07-01,
296,507,CO-TF-FR-T67Y-50,LL TOURING FRAME - YELLOW- 50,CO-TF,Components,Touring Frames,Yes,200.0,Touring,2013-07-01,
297,508,CO-TF-FR-T67Y-54,LL TOURING FRAME - YELLOW- 54,CO-TF,Components,Touring Frames,Yes,200.0,Touring,2013-07-01,
298,509,CO-TF-FR-T67Y-58,LL TOURING FRAME - YELLOW- 58,CO-TF,Components,Touring Frames,Yes,200.0,Touring,2013-07-01,
299,510,CO-TF-FR-T67U-44,LL TOURING FRAME - BLUE- 44,CO-TF,Components,Touring Frames,Yes,200.0,Touring,2013-07-01,
300,511,CO-MF-FR-M63S-40,ML MOUNTAIN FRAME-W - SILVER- 40,CO-MF,Components,Mountain Frames,Yes,199.0,Mountain,2013-07-01,
301,512,CO-MF-FR-M63S-42,ML MOUNTAIN FRAME-W - SILVER- 42,CO-MF,Components,Mountain Frames,Yes,199.0,Mountain,2013-07-01,
302,513,CO-MF-FR-M63S-46,ML MOUNTAIN FRAME-W - SILVER- 46,CO-MF,Components,Mountain Frames,Yes,199.0,Mountain,2013-07-01,
303,514,CO-BR-RB-9231,REAR BRAKES,CO-BR,Components,Brakes,Yes,47.0,Unknown,2013-07-01,
304,515,CO-SA-SE-M236,LL MOUNTAIN SEAT/SADDLE,CO-SA,Components,Saddles,No,12.0,Mountain,2013-07-01,
305,516,CO-SA-SE-M798,ML MOUNTAIN SEAT/SADDLE,CO-SA,Components,Saddles,No,17.0,Mountain,2013-07-01,
306,517,CO-SA-SE-M940,HL MOUNTAIN SEAT/SADDLE,CO-SA,Components,Saddles,No,23.0,Mountain,2013-07-01,
307,518,CO-SA-SE-R581,LL ROAD SEAT/SADDLE,CO-SA,Components,Saddles,No,12.0,Roadways,2013-07-01,
308,519,CO-SA-SE-R908,ML ROAD SEAT/SADDLE,CO-SA,Components,Saddles,No,17.0,Touring,2013-07-01,
309,520,CO-SA-SE-R995,HL ROAD SEAT/SADDLE,CO-SA,Components,Saddles,No,23.0,Roadways,2013-07-01,
310,521,CO-SA-SE-T312,LL TOURING SEAT/SADDLE,CO-SA,Components,Saddles,No,12.0,Touring,2013-07-01,
311,522,CO-SA-SE-T762,ML TOURING SEAT/SADDLE,CO-SA,Components,Saddles,No,17.0,Touring,2013-07-01,
312,523,CO-SA-SE-T924,HL TOURING SEAT/SADDLE,CO-SA,Components,Saddles,No,23.0,Touring,2013-07-01,
313,524,CO-MF-FR-M21S-42,LL MOUNTAIN FRAME - SILVER- 42,CO-MF,Components,Mountain Frames,Yes,145.0,Mountain,2013-07-01,
314,525,CO-MF-FR-M21S-44,LL MOUNTAIN FRAME - SILVER- 44,CO-MF,Components,Mountain Frames,Yes,145.0,Mountain,2013-07-01,
315,526,CO-MF-FR-M21S-48,LL MOUNTAIN FRAME - SILVER- 48,CO-MF,Components,Mountain Frames,Yes,145.0,Mountain,2013-07-01,
316,527,CO-MF-FR-M21S-52,LL MOUNTAIN FRAME - SILVER- 52,CO-MF,Components,Mountain Frames,Yes,145.0,Mountain,2013-07-01,
317,528,AC-TT-TT-M928,MOUNTAIN TIRE TUBE,AC-TT,Accessories,Tires And Tubes,Yes,2.0,Mountain,2013-07-01,
318,529,AC-TT-TT-R982,ROAD TIRE TUBE,AC-TT,Accessories,Tires And Tubes,Yes,1.0,Roadways,2013-07-01,
319,530,AC-TT-TT-T092,TOURING TIRE TUBE,AC-TT,Accessories,Tires And Tubes,Yes,2.0,Touring,2013-07-01,
320,531,CO-MF-FR-M21B-42,LL MOUNTAIN FRAME - BLACK- 42,CO-MF,Components,Mountain Frames,Yes,137.0,Mountain,2013-07-01,
321,532,CO-MF-FR-M21B-44,LL MOUNTAIN FRAME - BLACK- 44,CO-MF,Components,Mountain Frames,Yes,137.0,Mountain,2013-07-01,
322,533,CO-MF-FR-M21B-48,LL MOUNTAIN FRAME - BLACK- 48,CO-MF,Components,Mountain Frames,Yes,137.0,Mountain,2013-07-01,
323,534,CO-MF-FR-M21B-52,LL MOUNTAIN FRAME - BLACK- 52,CO-MF,Components,Mountain Frames,Yes,137.0,Mountain,2013-07-01,
324,535,AC-TT-TI-M267,LL MOUNTAIN TIRE,AC-TT,Accessories,Tires And Tubes,Yes,9.0,Mountain,2013-07-01,
325,536,AC-TT-TI-M602,ML MOUNTAIN TIRE,AC-TT,Accessories,Tires And Tubes,Yes,11.0,Mountain,2013-07-01,
326,537,AC-TT-TI-M823,HL MOUNTAIN TIRE,AC-TT,Accessories,Tires And Tubes,Yes,13.0,Mountain,2013-07-01,
327,538,AC-TT-TI-R092,LL ROAD TIRE,AC-TT,Accessories,Tires And Tubes,Yes,8.0,Roadways,2013-07-01,
328,539,AC-TT-TI-R628,ML ROAD TIRE,AC-TT,Accessories,Tires And Tubes,Yes,9.0,Roadways,2013-07-01,
329,540,AC-TT-TI-R982,HL ROAD TIRE,AC-TT,Accessories,Tires And Tubes,Yes,12.0,Roadways,2013-07-01,
330,541,AC-TT-TI-T723,TOURING TIRE,AC-TT,Accessories,Tires And Tubes,Yes,11.0,Touring,2013-07-01,
331,542,CO-PE-PD-M282,LL MOUNTAIN PEDAL,CO-PE,,,,18.0,Mountain,2013-07-01,
332,543,CO-PE-PD-M340,ML MOUNTAIN PEDAL,CO-PE,,,,28.0,Mountain,2013-07-01,
333,544,CO-PE-PD-M562,HL MOUNTAIN PEDAL,CO-PE,,,,36.0,Mountain,2013-07-01,
334,545,CO-PE-PD-R347,LL ROAD PEDAL,CO-PE,,,,18.0,Roadways,2013-07-01,
335,546,CO-PE-PD-R563,ML ROAD PEDAL,CO-PE,,,,28.0,Roadways,2013-07-01,
336,547,CO-PE-PD-R853,HL ROAD PEDAL,CO-PE,,,,36.0,Roadways,2013-07-01,
337,548,CO-PE-PD-T852,TOURING PEDAL,CO-PE,,,,36.0,Touring,2013-07-01,
338,549,CO-MF-FR-M63S-38,ML MOUNTAIN FRAME-W - SILVER- 38,CO-MF,Components,Mountain Frames,Yes,199.0,Mountain,2013-07-01,
339,550,CO-MF-FR-M21B-40,LL MOUNTAIN FRAME - BLACK- 40,CO-MF,Components,Mountain Frames,Yes,137.0,Mountain,2013-07-01,
340,551,CO-MF-FR-M21S-40,LL MOUNTAIN FRAME - SILVER- 40,CO-MF,Components,Mountain Frames,Yes,145.0,Mountain,2013-07-01,
341,552,CO-DE-FD-2342,FRONT DERAILLEUR,CO-DE,Components,Derailleurs,Yes,41.0,Unknown,2013-07-01,
342,553,CO-HB-HB-T721,LL TOURING HANDLEBARS,CO-HB,Components,Handlebars,No,20.0,Touring,2013-07-01,
343,554,CO-HB-HB-T928,HL TOURING HANDLEBARS,CO-HB,Components,Handlebars,No,41.0,Touring,2013-07-01,
344,555,CO-BR-FB-9873,FRONT BRAKES,CO-BR,Components,Brakes,Yes,47.0,Unknown,2013-07-01,
345,556,CO-CS-CS-4759,LL CRANKSET,CO-CS,Components,Cranksets,Yes,78.0,Unknown,2013-07-01,
346,557,CO-CS-CS-6583,ML CRANKSET,CO-CS,Components,Cranksets,Yes,114.0,Unknown,2013-07-01,
347,558,CO-CS-CS-9183,HL CRANKSET,CO-CS,Components,Cranksets,Yes,180.0,Unknown,2013-07-01,
348,559,CO-CH-CH-0234,CHAIN,CO-CH,Components,Chains,Yes,9.0,Unknown,2013-07-01,
349,560,BI-TB-BK-T44U-60,TOURING-2000 BLUE- 60,BI-TB,Bikes,Touring Bikes,Yes,755.0,Touring,2013-07-01,
350,561,BI-TB-BK-T79Y-46,TOURING-1000 YELLOW- 46,BI-TB,Bikes,Touring Bikes,Yes,1482.0,Touring,2013-07-01,
351,562,BI-TB-BK-T79Y-50,TOURING-1000 YELLOW- 50,BI-TB,Bikes,Touring Bikes,Yes,1482.0,Touring,2013-07-01,
352,563,BI-TB-BK-T79Y-54,TOURING-1000 YELLOW- 54,BI-TB,Bikes,Touring Bikes,Yes,1482.0,Touring,2013-07-01,
353,564,BI-TB-BK-T79Y-60,TOURING-1000 YELLOW- 60,BI-TB,Bikes,Touring Bikes,Yes,1482.0,Touring,2013-07-01,
354,565,BI-TB-BK-T18U-54,TOURING-3000 BLUE- 54,BI-TB,Bikes,Touring Bikes,Yes,461.0,Touring,2013-07-01,
355,566,BI-TB-BK-T18U-58,TOURING-3000 BLUE- 58,BI-TB,Bikes,Touring Bikes,Yes,461.0,Touring,2013-07-01,
356,567,BI-TB-BK-T18U-62,TOURING-3000 BLUE- 62,BI-TB,Bikes,Touring Bikes,Yes,461.0,Touring,2013-07-01,
357,568,BI-TB-BK-T18Y-44,TOURING-3000 YELLOW- 44,BI-TB,Bikes,Touring Bikes,Yes,461.0,Touring,2013-07-01,
358,569,BI-TB-BK-T18Y-50,TOURING-3000 YELLOW- 50,BI-TB,Bikes,Touring Bikes,Yes,461.0,Touring,2013-07-01,
359,570,BI-TB-BK-T18Y-54,TOURING-3000 YELLOW- 54,BI-TB,Bikes,Touring Bikes,Yes,461.0,Touring,2013-07-01,
360,571,BI-TB-BK-T18Y-58,TOURING-3000 YELLOW- 58,BI-TB,Bikes,Touring Bikes,Yes,461.0,Touring,2013-07-01,
361,572,BI-TB-BK-T18Y-62,TOURING-3000 YELLOW- 62,BI-TB,Bikes,Touring Bikes,Yes,461.0,Touring,2013-07-01,
362,573,BI-TB-BK-T79U-46,TOURING-1000 BLUE- 46,BI-TB,Bikes,Touring Bikes,Yes,1482.0,Touring,2013-07-01,
363,574,BI-TB-BK-T79U-50,TOURING-1000 BLUE- 50,BI-TB,Bikes,Touring Bikes,Yes,1482.0,Touring,2013-07-01,
364,575,BI-TB-BK-T79U-54,TOURING-1000 BLUE- 54,BI-TB,Bikes,Touring Bikes,Yes,1482.0,Touring,2013-07-01,
365,576,BI-TB-BK-T79U-60,TOURING-1000 BLUE- 60,BI-TB,Bikes,Touring Bikes,Yes,1482.0,Touring,2013-07-01,
366,577,BI-TB-BK-T44U-46,TOURING-2000 BLUE- 46,BI-TB,Bikes,Touring Bikes,Yes,755.0,Touring,2013-07-01,
367,578,BI-TB-BK-T44U-50,TOURING-2000 BLUE- 50,BI-TB,Bikes,Touring Bikes,Yes,755.0,Touring,2013-07-01,
368,579,BI-TB-BK-T44U-54,TOURING-2000 BLUE- 54,BI-TB,Bikes,Touring Bikes,Yes,755.0,Touring,2013-07-01,
369,580,BI-RB-BK-R79Y-40,ROAD-350-W YELLOW- 40,BI-RB,Bikes,Road Bikes,Yes,1083.0,Roadways,2013-07-01,
370,581,BI-RB-BK-R79Y-42,ROAD-350-W YELLOW- 42,BI-RB,Bikes,Road Bikes,Yes,1083.0,Roadways,2013-07-01,
371,582,BI-RB-BK-R79Y-44,ROAD-350-W YELLOW- 44,BI-RB,Bikes,Road Bikes,Yes,1083.0,Roadways,2013-07-01,
372,583,BI-RB-BK-R79Y-48,ROAD-350-W YELLOW- 48,BI-RB,Bikes,Road Bikes,Yes,1083.0,Roadways,2013-07-01,
373,584,BI-RB-BK-R19B-58,ROAD-750 BLACK- 58,BI-RB,Bikes,Road Bikes,Yes,344.0,Roadways,2013-07-01,
374,585,BI-TB-BK-T18U-44,TOURING-3000 BLUE- 44,BI-TB,Bikes,Touring Bikes,Yes,461.0,Touring,2013-07-01,
375,586,BI-TB-BK-T18U-50,TOURING-3000 BLUE- 50,BI-TB,Bikes,Touring Bikes,Yes,461.0,Touring,2013-07-01,
376,587,BI-MB-BK-M38S-38,MOUNTAIN-400-W SILVER- 38,BI-MB,Bikes,Mountain Bikes,Yes,420.0,Mountain,2013-07-01,
377,588,BI-MB-BK-M38S-40,MOUNTAIN-400-W SILVER- 40,BI-MB,Bikes,Mountain Bikes,Yes,420.0,Mountain,2013-07-01,
378,589,BI-MB-BK-M38S-42,MOUNTAIN-400-W SILVER- 42,BI-MB,Bikes,Mountain Bikes,Yes,420.0,Mountain,2013-07-01,
379,590,BI-MB-BK-M38S-46,MOUNTAIN-400-W SILVER- 46,BI-MB,Bikes,Mountain Bikes,Yes,420.0,Mountain,2013-07-01,
380,591,BI-MB-BK-M18S-40,MOUNTAIN-500 SILVER- 40,BI-MB,Bikes,Mountain Bikes,Yes,308.0,Mountain,2013-07-01,
381,592,BI-MB-BK-M18S-42,MOUNTAIN-500 SILVER- 42,BI-MB,Bikes,Mountain Bikes,Yes,308.0,Mountain,2013-07-01,
382,593,BI-MB-BK-M18S-44,MOUNTAIN-500 SILVER- 44,BI-MB,Bikes,Mountain Bikes,Yes,308.0,Mountain,2013-07-01,
383,594,BI-MB-BK-M18S-48,MOUNTAIN-500 SILVER- 48,BI-MB,Bikes,Mountain Bikes,Yes,308.0,Mountain,2013-07-01,
384,595,BI-MB-BK-M18S-52,MOUNTAIN-500 SILVER- 52,BI-MB,Bikes,Mountain Bikes,Yes,308.0,Mountain,2013-07-01,
385,596,BI-MB-BK-M18B-40,MOUNTAIN-500 BLACK- 40,BI-MB,Bikes,Mountain Bikes,Yes,295.0,Mountain,2013-07-01,
386,597,BI-MB-BK-M18B-42,MOUNTAIN-500 BLACK- 42,BI-MB,Bikes,Mountain Bikes,Yes,295.0,Mountain,2013-07-01,
387,598,BI-MB-BK-M18B-44,MOUNTAIN-500 BLACK- 44,BI-MB,Bikes,Mountain Bikes,Yes,295.0,Mountain,2013-07-01,
388,599,BI-MB-BK-M18B-48,MOUNTAIN-500 BLACK- 48,BI-MB,Bikes,Mountain Bikes,Yes,295.0,Mountain,2013-07-01,
389,600,BI-MB-BK-M18B-52,MOUNTAIN-500 BLACK- 52,BI-MB,Bikes,Mountain Bikes,Yes,295.0,Mountain,2013-07-01,
390,601,CO-BB-BB-7421,LL BOTTOM BRACKET,CO-BB,Components,Bottom Brackets,Yes,24.0,Unknown,2013-07-01,
391,602,CO-BB-BB-8107,ML BOTTOM BRACKET,CO-BB,Components,Bottom Brackets,Yes,45.0,Unknown,2013-07-01,
392,603,CO-BB-BB-9108,HL BOTTOM BRACKET,CO-BB,Components,Bottom Brackets,Yes,54.0,Unknown,2013-07-01,
393,604,BI-RB-BK-R19B-44,ROAD-750 BLACK- 44,BI-RB,Bikes,Road Bikes,Yes,344.0,Roadways,2013-07-01,
394,605,BI-RB-BK-R19B-48,ROAD-750 BLACK- 48,BI-RB,Bikes,Road Bikes,Yes,344.0,Roadways,2013-07-01,
395,606,BI-RB-BK-R19B-52,ROAD-750 BLACK- 52,BI-RB,Bikes,Road Bikes,Yes,344.0,Roadways,2013-07-01,
