product_id,product_key,product_name,product_cost,product_category,start_date,end_date
212,AC-HE-HL-U509-R,SPORT-100 HELMET- RED,12.0,Sports,2011-07-01,2007-12-28
213,AC-HE-HL-U509-R,SPORT-100 HELMET- RED,14.0,Sports,2012-07-01,2008-12-27
214,AC-HE-HL-U509-R,SPORT-100 HELMET- RED,13.0,Sports,2013-07-01,
215,AC-HE-HL-U509,SPORT-100 HELMET- BLACK,12.0,Sports,2011-07-01,2007-12-28
216,AC-HE-HL-U509,SPORT-100 HELMET- BLACK,14.0,Sports,2012-07-01,2008-12-27
217,AC-HE-HL-U509,SPORT-100 HELMET- BLACK,13.0,Sports,2013-07-01,
218,CL-SO-SO-B909-M,MOUNTAIN BIKE SOCKS- M,3.0,Mountain,2011-07-01,2007-12-28
219,CL-SO-SO-B909-L,MOUNTAIN BIKE SOCKS- L,3.0,Mountain,2011-07-01,2007-12-28
220,AC-HE-HL-U509-B,SPORT-100 HELMET- BLUE,12.0,Sports,2011-07-01,2007-12-28
221,AC-HE-HL-U509-B,SPORT-100 HELMET- BLUE,14.0,Sports,2012-07-01,2008-12-27
222,AC-HE-HL-U509-B,SPORT-100 HELMET- BLUE,13.0,Sports,2013-07-01,
223,CL-CA-CA-1098,AWC LOGO CAP,6.0,Sports,2011-07-01,2007-12-28
224,CL-CA-CA-1098,AWC LOGO CAP,5.0,Sports,2012-07-01,2008-12-27
225,CL-CA-CA-1098,AWC LOGO CAP,7.0,Sports,2013-07-01,
226,CL-JE-LJ-0192-S,LONG-SLEEVE LOGO JERSEY- S,32.0,Sports,2011-07-01,2007-12-28
227,CL-JE-LJ-0192-S,LONG-SLEEVE LOGO JERSEY- S,29.0,Sports,2012-07-01,2008-12-27
228,CL-JE-LJ-0192-S,LONG-SLEEVE LOGO JERSEY- S,38.0,Sports,2013-07-01,
229,CL-JE-LJ-0192-M,LONG-SLEEVE LOGO JERSEY- M,32.0,Sports,2011-07-01,2007-12-28
230,CL-JE-LJ-0192-M,LONG-SLEEVE LOGO JERSEY- M,29.0,Sports,2012-07-01,2008-12-27
231,CL-JE-LJ-0192-M,LONG-SLEEVE LOGO JERSEY- M,38.0,Sports,2013-07-01,
232,CL-JE-LJ-0192-L,LONG-SLEEVE LOGO JERSEY- L,32.0,Sports,2011-07-01,2007-12-28
233,CL-JE-LJ-0192-L,LONG-SLEEVE LOGO JERSEY- L,29.0,Sports,2012-07-01,2008-12-27
234,CL-JE-LJ-0192-L,LONG-SLEEVE LOGO JERSEY- L,38.0,Sports,2013-07-01,
235,CL-JE-LJ-0192-X,LONG-SLEEVE LOGO JERSEY- XL,32.0,Sports,2011-07-01,2007-12-28
236,CL-JE-LJ-0192-X,LONG-SLEEVE LOGO JERSEY- XL,29.0,Sports,2012-07-01,2008-12-27
237,CL-JE-LJ-0192-X,LONG-SLEEVE LOGO JERSEY- XL,38.0,Sports,2013-07-01,
238,CO-RF-FR-R92R-62,HL ROAD FRAME - RED- 62,748.0,Roadways,2011-07-01,2007-12-28
239,CO-RF-FR-R92R-62,HL ROAD FRAME - RED- 62,722.0,Roadways,2012-07-01,2008-12-27
240,CO-RF-FR-R92R-62,HL ROAD FRAME - RED- 62,869.0,Roadways,2013-07-01,
241,CO-RF-FR-R92R-44,HL ROAD FRAME - RED- 44,748.0,Roadways,2011-07-01,2007-12-28
242,CO-RF-FR-R92R-44,HL ROAD FRAME - RED- 44,722.0,Roadways,2012-07-01,2008-12-27
243,CO-RF-FR-R92R-44,HL ROAD FRAME - RED- 44,869.0,Roadways,2013-07-01,
244,CO-RF-FR-R92R-48,HL ROAD FRAME - RED- 48,748.0,Roadways,2011-07-01,2007-12-28
245,CO-RF-FR-R92R-48,HL ROAD FRAME - RED- 48,722.0,Roadways,2012-07-01,2008-12-27
246,CO-RF-FR-R92R-48,HL ROAD FRAME - RED- 48,869.0,Roadways,2013-07-01,
247,CO-RF-FR-R92R-52,HL ROAD FRAME - RED- 52,748.0,Roadways,2011-07-01,2007-12-28
248,CO-RF-FR-R92R-52,HL ROAD FRAME - RED- 52,722.0,Roadways,2012-07-01,2008-12-27
249,CO-RF-FR-R92R-52,HL ROAD FRAME - RED- 52,869.0,Roadways,2013-07-01,
250,CO-RF-FR-R92R-56,HL ROAD FRAME - RED- 56,748.0,Roadways,2011-07-01,2007-12-28
251,CO-RF-FR-R92R-56,HL ROAD FRAME - RED- 56,722.0,Roadways,2012-07-01,2008-12-27
252,CO-RF-FR-R92R-56,HL ROAD FRAME - RED- 56,869.0,Roadways,2013-07-01,
253,CO-RF-FR-R38B-58,LL ROAD FRAME - BLACK- 58,176.0,Roadways,2011-07-01,2007-12-28
254,CO-RF-FR-R38B-58,LL ROAD FRAME - BLACK- 58,170.0,Roadways,2012-07-01,2008-12-27
255,CO-RF-FR-R38B-58,LL ROAD FRAME - BLACK- 58,205.0,Roadways,2013-07-01,
256,CO-RF-FR-R38B-60,LL ROAD FRAME - BLACK- 60,176.0,Roadways,2011-07-01,2007-12-28
257,CO-RF-FR-R38B-60,LL ROAD FRAME - BLACK- 60,170.0,Roadways,2012-07-01,2008-12-27
258,CO-RF-FR-R38B-60,LL ROAD FRAME - BLACK- 60,205.0,Roadways,2013-07-01,
259,CO-RF-FR-R38B-62,LL ROAD FRAME - BLACK- 62,176.0,Roadways,2011-07-01,2007-12-28
260,CO-RF-FR-R38B-62,LL ROAD FRAME - BLACK- 62,170.0,Roadways,2012-07-01,2008-12-27
261,CO-RF-FR-R38B-62,LL ROAD FRAME - BLACK- 62,205.0,Roadways,2013-07-01,
262,CO-RF-FR-R38R-44,LL ROAD FRAME - RED- 44,181.0,Roadways,2011-07-01,2007-12-28
263,CO-RF-FR-R38R-44,LL ROAD FRAME - RED- 44,187.0,Roadways,2012-07-01,2008-12-27
264,CO-RF-FR-R38R-48,LL ROAD FRAME - RED- 48,181.0,Roadways,2011-07-01,2007-12-28
265,CO-RF-FR-R38R-48,LL ROAD FRAME - RED- 48,187.0,Roadways,2012-07-01,2008-12-27
266,CO-RF-FR-R38R-52,LL ROAD FRAME - RED- 52,181.0,Roadways,2011-07-01,2007-12-28
267,CO-RF-FR-R38R-52,LL ROAD FRAME - RED- 52,187.0,Roadways,2012-07-01,2008-12-27
268,CO-RF-FR-R38R-58,LL ROAD FRAME - RED- 58,181.0,Roadways,2011-07-01,2007-12-28
269,CO-RF-FR-R38R-58,LL ROAD FRAME - RED- 58,187.0,Roadways,2012-07-01,2008-12-27
270,CO-RF-FR-R38R-60,LL ROAD FRAME - RED- 60,181.0,Roadways,2011-07-01,2007-12-28
271,CO-RF-FR-R38R-60,LL ROAD FRAME - RED- 60,187.0,Roadways,2012-07-01,2008-12-27
272,CO-RF-FR-R38R-62,LL ROAD FRAME - RED- 62,181.0,Roadways,2011-07-01,2007-12-28
273,CO-RF-FR-R38R-62,LL ROAD FRAME - RED- 62,187.0,Roadways,2012-07-01,2008-12-27
274,CO-RF-FR-R72R-44,ML ROAD FRAME - RED- 44,352.0,Roadways,2011-07-01,2007-12-28
275,CO-RF-FR-R72R-48,ML ROAD FRAME - RED- 48,352.0,Roadways,2011-07-01,2007-12-28
276,CO-RF-FR-R72R-52,ML ROAD FRAME - RED- 52,352.0,Roadways,2011-07-01,2007-12-28
277,CO-RF-FR-R72R-58,ML ROAD FRAME - RED- 58,352.0,Roadways,2011-07-01,2007-12-28
278,CO-RF-FR-R72R-60,ML ROAD FRAME - RED- 60,352.0,Roadways,2011-07-01,2007-12-28
279,CO-RF-FR-R38B-44,LL ROAD FRAME - BLACK- 44,176.0,Roadways,2011-07-01,2007-12-28
280,CO-RF-FR-R38B-44,LL ROAD FRAME - BLACK- 44,170.0,Roadways,2012-07-01,2008-12-27
281,CO-RF-FR-R38B-44,LL ROAD FRAME - BLACK- 44,205.0,Roadways,2013-07-01,
282,CO-RF-FR-R38B-48,LL ROAD FRAME - BLACK- 48,176.0,Roadways,2011-07-01,2007-12-28
283,CO-RF-FR-R38B-48,LL ROAD FRAME - BLACK- 48,170.0,Roadways,2012-07-01,2008-12-27
284,CO-RF-FR-R38B-48,LL ROAD FRAME - BLACK- 48,205.0,Roadways,2013-07-01,
285,CO-RF-FR-R38B-52,LL ROAD FRAME - BLACK- 52,176.0,Roadways,2011-07-01,2007-12-28
286,CO-RF-FR-R38B-52,LL ROAD FRAME - BLACK- 52,170.0,Roadways,2012-07-01,2008-12-27
287,CO-RF-FR-R38B-52,LL ROAD FRAME - BLACK- 52,205.0,Roadways,2013-07-01,
288,CO-MF-FR-M94S-42,HL MOUNTAIN FRAME - SILVER- 42,624.0,Mountain,2011-07-01,2007-12-28
289,CO-MF-FR-M94S-42,HL MOUNTAIN FRAME - SILVER- 42,661.0,Mountain,2012-07-01,2008-12-27
290,CO-MF-FR-M94S-42,HL MOUNTAIN FRAME - SILVER- 42,747.0,Mountain,2013-07-01,
291,CO-MF-FR-M94S-44,HL MOUNTAIN FRAME - SILVER- 44,707.0,Mountain,2011-07-01,2007-12-28
292,CO-MF-FR-M94S-52,HL MOUNTAIN FRAME - SILVER- 48,707.0,Mountain,2011-07-01,2007-12-28
293,CO-MF-FR-M94S-46,HL MOUNTAIN FRAME - SILVER- 46,624.0,Mountain,2011-07-01,2007-12-28
294,CO-MF-FR-M94S-46,HL MOUNTAIN FRAME - SILVER- 46,661.0,Mountain,2012-07-01,2008-12-27
295,CO-MF-FR-M94S-46,HL MOUNTAIN FRAME - SILVER- 46,747.0,Mountain,2013-07-01,
296,CO-MF-FR-M94B-42,HL MOUNTAIN FRAME - BLACK- 42,617.0,Mountain,2011-07-01,2007-12-28
297,CO-MF-FR-M94B-42,HL MOUNTAIN FRAME - BLACK- 42,654.0,Mountain,2012-07-01,2008-12-27
298,CO-MF-FR-M94B-42,HL MOUNTAIN FRAME - BLACK- 42,739.0,Mountain,2013-07-01,
299,CO-MF-FR-M94B-44,HL MOUNTAIN FRAME - BLACK- 44,699.0,Mountain,2011-07-01,2007-12-28
300,CO-MF-FR-M94B-48,HL MOUNTAIN FRAME - BLACK- 48,699.0,Mountain,2011-07-01,2007-12-28
301,CO-MF-FR-M94B-46,HL MOUNTAIN FRAME - BLACK- 46,617.0,Mountain,2011-07-01,2007-12-28
302,CO-MF-FR-M94B-46,HL MOUNTAIN FRAME - BLACK- 46,654.0,Mountain,2012-07-01,2008-12-27
303,CO-MF-FR-M94B-46,HL MOUNTAIN FRAME - BLACK- 46,739.0,Mountain,2013-07-01,
304,CO-MF-FR-M94B-38,HL MOUNTAIN FRAME - BLACK- 38,617.0,Mountain,2011-07-01,2007-12-28
305,CO-MF-FR-M94B-38,HL MOUNTAIN FRAME - BLACK- 38,654.0,Mountain,2012-07-01,2008-12-27
306,CO-MF-FR-M94B-38,HL MOUNTAIN FRAME - BLACK- 38,739.0,Mountain,2013-07-01,
307,CO-MF-FR-M94S-38,HL MOUNTAIN FRAME - SILVER- 38,624.0,Mountain,2011-07-01,2007-12-28
308,CO-MF-FR-M94S-38,HL MOUNTAIN FRAME - SILVER- 38,661.0,Mountain,2012-07-01,2008-12-27
309,CO-MF-FR-M94S-38,HL MOUNTAIN FRAME - SILVER- 38,747.0,Mountain,2013-07-01,
310,BI-RB-BK-R93R-62,ROAD-150 RED- 62,2171.0,Roadways,2011-07-01,2007-12-28
311,BI-RB-BK-R93R-44,ROAD-150 RED- 44,2171.0,Roadways,2011-07-01,2007-12-28
312,BI-RB-BK-R93R-48,ROAD-150 RED- 48,2171.0,Roadways,2011-07-01,2007-12-28
313,BI-RB-BK-R93R-52,ROAD-150 RED- 52,2171.0,Roadways,2011-07-01,2007-12-28
314,BI-RB-BK-R93R-56,ROAD-150 RED- 56,2171.0,Roadways,2011-07-01,2007-12-28
315,BI-RB-BK-R68R-58,ROAD-450 RED- 58,885.0,Roadways,2011-07-01,2007-12-28
316,BI-RB-BK-R68R-60,ROAD-450 RED- 60,885.0,Roadways,2011-07-01,2007-12-28
317,BI-RB-BK-R68R-44,ROAD-450 RED- 44,885.0,Roadways,2011-07-01,2007-12-28
318,BI-RB-BK-R68R-48,ROAD-450 RED- 48,885.0,Roadways,2011-07-01,2007-12-28
319,BI-RB-BK-R68R-52,ROAD-450 RED- 52,885.0,Roadways,2011-07-01,2007-12-28
320,BI-RB-BK-R50R-58,ROAD-650 RED- 58,413.0,Roadways,2011-07-01,2007-12-28
321,BI-RB-BK-R50R-58,ROAD-650 RED- 58,487.0,Roadways,2012-07-01,2008-12-27
322,BI-RB-BK-R50R-60,ROAD-650 RED- 60,413.0,Roadways,2011-07-01,2007-12-28
323,BI-RB-BK-R50R-60,ROAD-650 RED- 60,487.0,Roadways,2012-07-01,2008-12-27
324,BI-RB-BK-R50R-62,ROAD-650 RED- 62,413.0,Roadways,2011-07-01,2007-12-28
325,BI-RB-BK-R50R-62,ROAD-650 RED- 62,487.0,Roadways,2012-07-01,2008-12-27
326,BI-RB-BK-R50R-44,ROAD-650 RED- 44,413.0,Roadways,2011-07-01,2007-12-28
327,BI-RB-BK-R50R-44,ROAD-650 RED- 44,487.0,Roadways,2012-07-01,2008-12-27
328,BI-RB-BK-R50R-48,ROAD-650 RED- 48,413.0,Roadways,2011-07-01,2007-12-28
329,BI-RB-BK-R50R-48,ROAD-650 RED- 48,487.0,Roadways,2012-07-01,2008-12-27
330,BI-RB-BK-R50R-52,ROAD-650 RED- 52,413.0,Roadways,2011-07-01,2007-12-28
331,BI-RB-BK-R50R-52,ROAD-650 RED- 52,487.0,Roadways,2012-07-01,2008-12-27
332,BI-RB-BK-R50B-58,ROAD-650 BLACK- 58,413.0,Roadways,2011-07-01,2007-12-28
333,BI-RB-BK-R50B-58,ROAD-650 BLACK- 58,487.0,Roadways,2012-07-01,2008-12-27
334,BI-RB-BK-R50B-60,ROAD-650 BLACK- 60,413.0,Roadways,2011-07-01,2007-12-28
335,BI-RB-BK-R50B-60,ROAD-650 BLACK- 60,487.0,Roadways,2012-07-01,2008-12-27
336,BI-RB-BK-R50B-62,ROAD-650 BLACK- 62,413.0,Roadways,2011-07-01,2007-12-28
337,BI-RB-BK-R50B-62,ROAD-650 BLACK- 62,487.0,Roadways,2012-07-01,2008-12-27
338,BI-RB-BK-R50B-44,ROAD-650 BLACK- 44,413.0,Roadways,2011-07-01,2007-12-28
339,BI-RB-BK-R50B-44,ROAD-650 BLACK- 44,487.0,Roadways,2012-07-01,2008-12-27
340,BI-RB-BK-R50B-48,ROAD-650 BLACK- 48,413.0,Roadways,2011-07-01,2007-12-28
341,BI-RB-BK-R50B-48,ROAD-650 BLACK- 48,487.0,Roadways,2012-07-01,2008-12-27
342,BI-RB-BK-R50B-52,ROAD-650 BLACK- 52,413.0,Roadways,2011-07-01,2007-12-28
343,BI-RB-BK-R50B-52,ROAD-650 BLACK- 52,487.0,Roadways,2012-07-01,2008-12-27
344,BI-MB-BK-M82S-38,MOUNTAIN-100 SILVER- 38,1912.0,Mountain,2011-07-01,2007-12-28
345,BI-MB-BK-M82S-42,MOUNTAIN-100 SILVER- 42,1912.0,Mountain,2011-07-01,2007-12-28
346,BI-MB-BK-M82S-44,MOUNTAIN-100 SILVER- 44,1912.0,Mountain,2011-07-01,2007-12-28
347,BI-MB-BK-M82S-48,MOUNTAIN-100 SILVER- 48,1912.0,Mountain,2011-07-01,2007-12-28
348,BI-MB-BK-M82B-38,MOUNTAIN-100 BLACK- 38,1898.0,Mountain,2011-07-01,2007-12-28
349,BI-MB-BK-M82B-42,MOUNTAIN-100 BLACK- 42,1898.0,Mountain,2011-07-01,2007-12-28
350,BI-MB-BK-M82B-44,MOUNTAIN-100 BLACK- 44,1898.0,Mountain,2011-07-01,2007-12-28
351,BI-MB-BK-M82B-48,MOUNTAIN-100 BLACK- 48,1898.0,Mountain,2011-07-01,2007-12-28
352,BI-MB-BK-M68S-38,MOUNTAIN-200 SILVER- 38,1118.0,Mountain,2012-07-01,2008-12-27
353,BI-MB-BK-M68S-38,MOUNTAIN-200 SILVER- 38,1266.0,Mountain,2013-07-01,
354,BI-MB-BK-M68S-42,MOUNTAIN-200 SILVER- 42,1118.0,Mountain,2012-07-01,2008-12-27
355,BI-MB-BK-M68S-42,MOUNTAIN-200 SILVER- 42,1266.0,Mountain,2013-07-01,
356,BI-MB-BK-M68S-46,MOUNTAIN-200 SILVER- 46,1118.0,Mountain,2012-07-01,2008-12-27
357,BI-MB-BK-M68S-46,MOUNTAIN-200 SILVER- 46,1266.0,Mountain,2013-07-01,
358,BI-MB-BK-M68B-38,MOUNTAIN-200 BLACK- 38,1106.0,Mountain,2012-07-01,2008-12-27
359,BI-MB-BK-M68B-38,MOUNTAIN-200 BLACK- 38,1252.0,Mountain,2013-07-01,
360,BI-MB-BK-M68B-42,MOUNTAIN-200 BLACK- 42,1106.0,Mountain,2012-07-01,2008-12-27
361,BI-MB-BK-M68B-42,MOUNTAIN-200 BLACK- 42,1252.0,Mountain,2013-07-01,
362,BI-MB-BK-M68B-46,MOUNTAIN-200 BLACK- 46,1106.0,Mountain,2012-07-01,2008-12-27
363,BI-MB-BK-M68B-46,MOUNTAIN-200 BLACK- 46,1252.0,Mountain,2013-07-01,
364,BI-MB-BK-M47B-38,MOUNTAIN-300 BLACK- 38,598.0,Mountain,2012-07-01,2008-12-27
365,BI-MB-BK-M47B-40,MOUNTAIN-300 BLACK- 40,598.0,Mountain,2012-07-01,2008-12-27
366,BI-MB-BK-M47B-44,MOUNTAIN-300 BLACK- 44,598.0,Mountain,2012-07-01,2008-12-27
367,BI-MB-BK-M47B-48,MOUNTAIN-300 BLACK- 48,598.0,Mountain,2012-07-01,2008-12-27
368,BI-RB-BK-R89R-44,ROAD-250 RED- 44,1519.0,Roadways,2012-07-01,2008-12-27
369,BI-RB-BK-R89R-48,ROAD-250 RED- 48,1519.0,Roadways,2012-07-01,2008-12-27
370,BI-RB-BK-R89R-52,ROAD-250 RED- 52,1519.0,Roadways,2012-07-01,2008-12-27
371,BI-RB-BK-R89R-58,ROAD-250 RED- 58,1321.0,Roadways,2012-07-01,2008-12-27
372,BI-RB-BK-R89R-58,ROAD-250 RED- 58,1555.0,Roadways,2013-07-01,
373,BI-RB-BK-R89B-44,ROAD-250 BLACK- 44,1321.0,Roadways,2012-07-01,2008-12-27
374,BI-RB-BK-R89B-44,ROAD-250 BLACK- 44,1555.0,Roadways,2013-07-01,
375,BI-RB-BK-R89B-48,ROAD-250 BLACK- 48,1321.0,Roadways,2012-07-01,2008-12-27
376,BI-RB-BK-R89B-48,ROAD-250 BLACK- 48,1555.0,Roadways,2013-07-01,
377,BI-RB-BK-R89B-52,ROAD-250 BLACK- 52,1321.0,Roadways,2012-07-01,2008-12-27
378,BI-RB-BK-R89B-52,ROAD-250 BLACK- 52,1555.0,Roadways,2013-07-01,
379,BI-RB-BK-R89B-58,ROAD-250 BLACK- 58,1321.0,Roadways,2012-07-01,2008-12-27
380,BI-RB-BK-R89B-58,ROAD-250 BLACK- 58,1555.0,Roadways,2013-07-01,
381,BI-RB-BK-R64Y-38,ROAD-550-W YELLOW- 38,606.0,Roadways,2012-07-01,2008-12-27
382,BI-RB-BK-R64Y-38,ROAD-550-W YELLOW- 38,713.0,Roadways,2013-07-01,
383,BI-RB-BK-R64Y-40,ROAD-550-W YELLOW- 40,606.0,Roadways,2012-07-01,2008-12-27
384,BI-RB-BK-R64Y-40,ROAD-550-W YELLOW- 40,713.0,Roadways,2013-07-01,
385,BI-RB-BK-R64Y-42,ROAD-550-W YELLOW- 42,606.0,Roadways,2012-07-01,2008-12-27
386,BI-RB-BK-R64Y-42,ROAD-550-W YELLOW- 42,713.0,Roadways,2013-07-01,
387,BI-RB-BK-R64Y-44,ROAD-550-W YELLOW- 44,606.0,Roadways,2012-07-01,2008-12-27
388,BI-RB-BK-R64Y-44,ROAD-550-W YELLOW- 44,713.0,Roadways,2013-07-01,
389,BI-RB-BK-R64Y-48,ROAD-550-W YELLOW- 48,606.0,Roadways,2012-07-01,2008-12-27
390,BI-RB-BK-R64Y-48,ROAD-550-W YELLOW- 48,713.0,Roadways,2013-07-01,
391,CO-FO-FK-1639,LL FORK,66.0,Unknown,2012-07-01,2008-12-27
392,CO-FO-FK-5136,ML FORK,78.0,Unknown,2012-07-01,2008-12-27
393,CO-FO-FK-9939,HL FORK,102.0,Unknown,2012-07-01,2008-12-27
394,CO-HS-HS-0296,LL HEADSET,15.0,Unknown,2012-07-01,2008-12-27
395,CO-HS-HS-2451,ML HEADSET,45.0,Unknown,2012-07-01,2008-12-27
396,CO-HS-HS-3479,HL HEADSET,55.0,Unknown,2012-07-01,2008-12-27
397,CO-HB-HB-M243,LL MOUNTAIN HANDLEBARS,18.0,Mountain,2012-07-01,2008-12-27
398,CO-HB-HB-M243,LL MOUNTAIN HANDLEBARS,20.0,Mountain,2013-07-01,
399,CO-HB-HB-M763,ML MOUNTAIN HANDLEBARS,25.0,Mountain,2012-07-01,2008-12-27
400,CO-HB-HB-M763,ML MOUNTAIN HANDLEBARS,27.0,Mountain,2013-07-01,
401,CO-HB-HB-M918,HL MOUNTAIN HANDLEBARS,49.0,Mountain,2012-07-01,2008-12-27
402,CO-HB-HB-M918,HL MOUNTAIN HANDLEBARS,53.0,Mountain,2013-07-01,
403,CO-HB-HB-R504,LL ROAD HANDLEBARS,18.0,Roadways,2012-07-01,2008-12-27
404,CO-HB-HB-R504,LL ROAD HANDLEBARS,20.0,Roadways,2013-07-01,
405,CO-HB-HB-R720,ML ROAD HANDLEBARS,25.0,Roadways,2012-07-01,2008-12-27
406,CO-HB-HB-R720,ML ROAD HANDLEBARS,27.0,Roadways,2013-07-01,
407,CO-HB-HB-R956,HL ROAD HANDLEBARS,49.0,Roadways,2012-07-01,2008-12-27
408,CO-HB-HB-R956,HL ROAD HANDLEBARS,53.0,Roadways,2013-07-01,
409,CO-MF-FR-M63B-38,ML MOUNTAIN FRAME - BLACK- 38,186.0,Mountain,2012-07-01,2008-12-27
410,CO-WH-FW-M423,LL MOUNTAIN FRONT WHEEL,27.0,Mountain,2012-07-01,2008-12-27
411,CO-WH-FW-M762,ML MOUNTAIN FRONT WHEEL,93.0,Mountain,2012-07-01,2008-12-27
412,CO-WH-FW-M928,HL MOUNTAIN FRONT WHEEL,133.0,Mountain,2012-07-01,2008-12-27
413,CO-WH-FW-R623,LL ROAD FRONT WHEEL,38.0,Roadways,2012-07-01,2008-12-27
414,CO-WH-FW-R762,ML ROAD FRONT WHEEL,110.0,Roadways,2012-07-01,2008-12-27
415,CO-WH-FW-R820,HL ROAD FRONT WHEEL,147.0,Roadways,2012-07-01,2008-12-27
416,CO-WH-FW-T905,TOURING FRONT WHEEL,97.0,Touring,2012-07-01,2008-12-27
417,CO-RF-FR-R72Y-38,ML ROAD FRAME-W - YELLOW- 38,300.0,Roadways,2012-07-01,2008-12-27
418,CO-RF-FR-R72Y-38,ML ROAD FRAME-W - YELLOW- 38,361.0,Roadways,2013-07-01,
419,CO-WH-RW-M423,LL MOUNTAIN REAR WHEEL,39.0,Mountain,2012-07-01,2008-12-27
420,CO-WH-RW-M762,ML MOUNTAIN REAR WHEEL,105.0,Mountain,2012-07-01,2008-12-27
421,CO-WH-RW-M928,HL MOUNTAIN REAR WHEEL,145.0,Mountain,2012-07-01,2008-12-27
422,CO-WH-RW-R623,LL ROAD REAR WHEEL,50.0,Roadways,2012-07-01,2008-12-27
423,CO-WH-RW-R762,ML ROAD REAR WHEEL,122.0,Roadways,2012-07-01,2008-12-27
424,CO-WH-RW-R820,HL ROAD REAR WHEEL,159.0,Roadways,2012-07-01,2008-12-27
425,CO-WH-RW-T905,TOURING REAR WHEEL,109.0,Touring,2012-07-01,2008-12-27
426,CO-MF-FR-M63B-40,ML MOUNTAIN FRAME - BLACK- 40,186.0,Mountain,2012-07-01,2008-12-27
427,CO-MF-FR-M63B-44,ML MOUNTAIN FRAME - BLACK- 44,186.0,Mountain,2012-07-01,2008-12-27
428,CO-MF-FR-M63B-48,ML MOUNTAIN FRAME - BLACK- 48,186.0,Mountain,2012-07-01,2008-12-27
429,CO-RF-FR-R72Y-40,ML ROAD FRAME-W - YELLOW- 40,300.0,Roadways,2012-07-01,2008-12-27
430,CO-RF-FR-R72Y-40,ML ROAD FRAME-W - YELLOW- 40,361.0,Roadways,2013-07-01,
431,CO-RF-FR-R72Y-42,ML ROAD FRAME-W - YELLOW- 42,300.0,Roadways,2012-07-01,2008-12-27
432,CO-RF-FR-R72Y-42,ML ROAD FRAME-W - YELLOW- 42,361.0,Roadways,2013-07-01,
433,CO-RF-FR-R72Y-44,ML ROAD FRAME-W - YELLOW- 44,300.0,Roadways,2012-07-01,2008-12-27
434,CO-RF-FR-R72Y-44,ML ROAD FRAME-W - YELLOW- 44,361.0,Roadways,2013-07-01,
435,CO-RF-FR-R72Y-48,ML ROAD FRAME-W - YELLOW- 48,300.0,Roadways,2012-07-01,2008-12-27
436,CO-RF-FR-R72Y-48,ML ROAD FRAME-W - YELLOW- 48,361.0,Roadways,2013-07-01,
437,CO-RF-FR-R92B-62,HL ROAD FRAME - BLACK- 62,722.0,Roadways,2012-07-01,2008-12-27
438,CO-RF-FR-R92B-62,HL ROAD FRAME - BLACK- 62,869.0,Roadways,2013-07-01,
439,CO-RF-FR-R92B-44,HL ROAD FRAME - BLACK- 44,722.0,Roadways,2012-07-01,2008-12-27
440,CO-RF-FR-R92B-44,HL ROAD FRAME - BLACK- 44,869.0,Roadways,2013-07-01,
441,CO-RF-FR-R92B-48,HL ROAD FRAME - BLACK- 48,722.0,Roadways,2012-07-01,2008-12-27
442,CO-RF-FR-R92B-48,HL ROAD FRAME - BLACK- 48,869.0,Roadways,2013-07-01,
443,CO-RF-FR-R92B-52,HL ROAD FRAME - BLACK- 52,722.0,Roadways,2012-07-01,2008-12-27
444,CO-RF-FR-R92B-52,HL ROAD FRAME - BLACK- 52,869.0,Roadways,2013-07-01,
445,CL-SH-SH-M897-S,MEN'S SPORTS SHORTS- S,25.0,Sports,2012-07-01,2008-12-27
446,AC-PA-PA-T100,TOURING-PANNIERS- LARGE,52.0,Touring,2012-07-01,2008-12-27
447,AC-LO-LO-C100,CABLE LOCK,10.0,Sports,2012-07-01,2008-12-27
448,AC-PU-PU-0452,MINIPUMP,8.0,Sports,2012-07-01,2008-12-27
449,AC-PU-PU-M044,MOUNTAIN PUMP,10.0,Mountain,2012-07-01,2008-12-27
450,AC-LI-LT-T990,TAILLIGHTS - BATTERY-POWERED,6.0,Roadways,2012-07-01,2008-12-27
451,AC-LI-LT-H902,HEADLIGHTS - DUAL-BEAM,14.0,Roadways,2012-07-01,2008-12-27
452,AC-LI-LT-H903,HEADLIGHTS - WEATHERPROOF,19.0,Roadways,2012-07-01,2008-12-27
453,CL-SH-SH-M897-M,MEN'S SPORTS SHORTS- M,25.0,Sports,2012-07-01,2008-12-27
454,CL-SH-SH-M897-L,MEN'S SPORTS SHORTS- L,25.0,Sports,2012-07-01,2008-12-27
455,CL-SH-SH-M897-X,MEN'S SPORTS SHORTS- XL,25.0,Sports,2012-07-01,2008-12-27
456,CL-TI-TG-W091-S,WOMEN'S TIGHTS- S,31.0,Sports,2012-07-01,2008-12-27
457,CL-TI-TG-W091-M,WOMEN'S TIGHTS- M,31.0,Sports,2012-07-01,2008-12-27
458,CL-TI-TG-W091-L,WOMEN'S TIGHTS- L,31.0,Sports,2012-07-01,2008-12-27
459,CL-BS-SB-M891-S,MEN'S BIB-SHORTS- S,37.0,Sports,2012-07-01,2008-12-27
460,CL-BS-SB-M891-M,MEN'S BIB-SHORTS- M,37.0,Sports,2012-07-01,2008-12-27
461,CL-BS-SB-M891-L,MEN'S BIB-SHORTS- L,37.0,Sports,2012-07-01,2008-12-27
462,CL-GL-GL-H102-S,HALF-FINGER GLOVES- S,10.0,Sports,2012-07-01,2008-12-27
463,CL-GL-GL-H102-S,HALF-FINGER GLOVES- S,9.0,Sports,2013-07-01,
464,CL-GL-GL-H102-M,HALF-FINGER GLOVES- M,10.0,Sports,2012-07-01,2008-12-27
465,CL-GL-GL-H102-M,HALF-FINGER GLOVES- M,9.0,Sports,2013-07-01,
466,CL-GL-GL-H102-L,HALF-FINGER GLOVES- L,10.0,Sports,2012-07-01,2008-12-27
467,CL-GL-GL-H102-L,HALF-FINGER GLOVES- L,9.0,Sports,2013-07-01,
468,CL-GL-GL-F110-S,FULL-FINGER GLOVES- S,16.0,Mountain,2012-07-01,2008-12-27
469,CL-GL-GL-F110-M,FULL-FINGER GLOVES- M,16.0,Mountain,2012-07-01,2008-12-27
470,CL-GL-GL-F110-L,FULL-FINGER GLOVES- L,16.0,Mountain,2012-07-01,2008-12-27
471,CL-VE-VE-C304-S,CLASSIC VEST- S,24.0,Sports,2013-07-01,
472,CL-VE-VE-C304-M,CLASSIC VEST- M,24.0,Sports,2013-07-01,
473,CL-VE-VE-C304-L,CLASSIC VEST- L,24.0,Sports,2013-07-01,
474,CL-SH-SH-W890-S,WOMEN'S MOUNTAIN SHORTS- S,26.0,Mountain,2013-07-01,
475,CL-SH-SH-W890-M,WOMEN'S MOUNTAIN SHORTS- M,26.0,Mountain,2013-07-01,
476,CL-SH-SH-W890-L,WOMEN'S MOUNTAIN SHORTS- L,26.0,Mountain,2013-07-01,
477,AC-BC-WB-H098,WATER BOTTLE - 30 OZ.,2.0,Sports,2013-07-01,
478,AC-BC-BC-M005,MOUNTAIN BOTTLE CAGE,4.0,Mountain,2013-07-01,
479,AC-BC-BC-R205,ROAD BOTTLE CAGE,3.0,Roadways,2013-07-01,
480,AC-TT-PK-7098,PATCH KIT/8 PATCHES,1.0,Sports,2013-07-01,
481,CL-SO-SO-R809-M,RACING SOCKS- M,3.0,Roadways,2013-07-01,
482,CL-SO-SO-R809-L,RACING SOCKS- L,3.0,Roadways,2013-07-01,
483,AC-BR-RA-H123,HITCH RACK - 4-BIKE,45.0,Sports,2013-07-01,
484,AC-CL-CL-9009,BIKE WASH - DISSOLVER,3.0,Sports,2013-07-01,
485,AC-FE-FE-6654,FENDER SET - MOUNTAIN,8.0,Mountain,2013-07-01,
486,AC-BS-ST-1401,ALL-PURPOSE BIKE STAND,59.0,Mountain,2013-07-01,
487,AC-HP-HY-1023-70,HYDRATION PACK - 70 OZ.,21.0,Sports,2013-07-01,
488,CL-JE-SJ-0194-S,SHORT-SLEEVE CLASSIC JERSEY- S,42.0,Sports,2013-07-01,
489,CL-JE-SJ-0194-M,SHORT-SLEEVE CLASSIC JERSEY- M,42.0,Sports,2013-07-01,
490,CL-JE-SJ-0194-L,SHORT-SLEEVE CLASSIC JERSEY- L,42.0,Sports,2013-07-01,
491,CL-JE-SJ-0194-X,SHORT-SLEEVE CLASSIC JERSEY- XL,42.0,Sports,2013-07-01,
492,CO-TF-FR-T98Y-60,HL TOURING FRAME - YELLOW- 60,602.0,Touring,2013-07-01,
493,CO-TF-FR-T67Y-62,LL TOURING FRAME - YELLOW- 62,200.0,Touring,2013-07-01,
494,CO-TF-FR-T98Y-46,HL TOURING FRAME - YELLOW- 46,602.0,Touring,2013-07-01,
495,CO-TF-FR-T98Y-50,HL TOURING FRAME - YELLOW- 50,602.0,Touring,2013-07-01,
496,CO-TF-FR-T98Y-54,HL TOURING FRAME - YELLOW- 54,602.0,Touring,2013-07-01,
497,CO-TF-FR-T98U-46,HL TOURING FRAME - BLUE- 46,602.0,Touring,2013-07-01,
498,CO-TF-FR-T98U-50,HL TOURING FRAME - BLUE- 50,602.0,Touring,2013-07-01,
499,CO-TF-FR-T98U-54,HL TOURING FRAME - BLUE- 54,602.0,Touring,2013-07-01,
500,CO-TF-FR-T98U-60,HL TOURING FRAME - BLUE- 60,602.0,Touring,2013-07-01,
501,CO-DE-RD-2308,REAR DERAILLEUR,54.0,Unknown,2013-07-01,
502,CO-TF-FR-T67U-50,LL TOURING FRAME - BLUE- 50,200.0,Touring,2013-07-01,
503,CO-TF-FR-T67U-54,LL TOURING FRAME - BLUE- 54,200.0,Touring,2013-07-01,
504,CO-TF-FR-T67U-58,LL TOURING FRAME - BLUE- 58,200.0,Touring,2013-07-01,
505,CO-TF-FR-T67U-62,LL TOURING FRAME - BLUE- 62,200.0,Touring,2013-07-01,
506,CO-TF-FR-T67Y-44,LL TOURING FRAME - YELLOW- 44,200.0,Touring,2013-07-01,
507,CO-TF-FR-T67Y-50,LL TOURING FRAME - YELLOW- 50,200.0,Touring,2013-07-01,
508,CO-TF-FR-T67Y-54,LL TOURING FRAME - YELLOW- 54,200.0,Touring,2013-07-01,
509,CO-TF-FR-T67Y-58,LL TOURING FRAME - YELLOW- 58,200.0,Touring,2013-07-01,
510,CO-TF-FR-T67U-44,LL TOURING FRAME - BLUE- 44,200.0,Touring,2013-07-01,
511,CO-MF-FR-M63S-40,ML MOUNTAIN FRAME-W - SILVER- 40,199.0,Mountain,2013-07-01,
512,CO-MF-FR-M63S-42,ML MOUNTAIN FRAME-W - SILVER- 42,199.0,Mountain,2013-07-01,
513,CO-MF-FR-M63S-46,ML MOUNTAIN FRAME-W - SILVER- 46,199.0,Mountain,2013-07-01,
514,CO-BR-RB-9231,REAR BRAKES,47.0,Unknown,2013-07-01,
515,CO-SA-SE-M236,LL MOUNTAIN SEAT/SADDLE,12.0,Mountain,2013-07-01,
516,CO-SA-SE-M798,ML MOUNTAIN SEAT/SADDLE,17.0,Mountain,2013-07-01,
517,CO-SA-SE-M940,HL MOUNTAIN SEAT/SADDLE,23.0,Mountain,2013-07-01,
518,CO-SA-SE-R581,LL ROAD SEAT/SADDLE,12.0,Roadways,2013-07-01,
519,CO-SA-SE-R908,ML ROAD SEAT/SADDLE,17.0,Touring,2013-07-01,
520,CO-SA-SE-R995,HL ROAD SEAT/SADDLE,23.0,Roadways,2013-07-01,
521,CO-SA-SE-T312,LL TOURING SEAT/SADDLE,12.0,Touring,2013-07-01,
522,CO-SA-SE-T762,ML TOURING SEAT/SADDLE,17.0,Touring,2013-07-01,
523,CO-SA-SE-T924,HL TOURING SEAT/SADDLE,23.0,Touring,2013-07-01,
524,CO-MF-FR-M21S-42,LL MOUNTAIN FRAME - SILVER- 42,145.0,Mountain,2013-07-01,
525,CO-MF-FR-M21S-44,LL MOUNTAIN FRAME - SILVER- 44,145.0,Mountain,2013-07-01,
526,CO-MF-FR-M21S-48,LL MOUNTAIN FRAME - SILVER- 48,145.0,Mountain,2013-07-01,
527,CO-MF-FR-M21S-52,LL MOUNTAIN FRAME - SILVER- 52,145.0,Mountain,2013-07-01,
528,AC-TT-TT-M928,MOUNTAIN TIRE TUBE,2.0,Mountain,2013-07-01,
529,AC-TT-TT-R982,ROAD TIRE TUBE,1.0,Roadways,2013-07-01,
530,AC-TT-TT-T092,TOURING TIRE TUBE,2.0,Touring,2013-07-01,
531,CO-MF-FR-M21B-42,LL MOUNTAIN FRAME - BLACK- 42,137.0,Mountain,2013-07-01,
532,CO-MF-FR-M21B-44,LL MOUNTAIN FRAME - BLACK- 44,137.0,Mountain,2013-07-01,
533,CO-MF-FR-M21B-48,LL MOUNTAIN FRAME - BLACK- 48,137.0,Mountain,2013-07-01,
534,CO-MF-FR-M21B-52,LL MOUNTAIN FRAME - BLACK- 52,137.0,Mountain,2013-07-01,
535,AC-TT-TI-M267,LL MOUNTAIN TIRE,9.0,Mountain,2013-07-01,
536,AC-TT-TI-M602,ML MOUNTAIN TIRE,11.0,Mountain,2013-07-01,
537,AC-TT-TI-M823,HL MOUNTAIN TIRE,13.0,Mountain,2013-07-01,
538,AC-TT-TI-R092,LL ROAD TIRE,8.0,Roadways,2013-07-01,
539,AC-TT-TI-R628,ML ROAD TIRE,9.0,Roadways,2013-07-01,
540,AC-TT-TI-R982,HL ROAD TIRE,12.0,Roadways,2013-07-01,
541,AC-TT-TI-T723,TOURING TIRE,11.0,Touring,2013-07-01,
542,CO-PE-PD-M282,LL MOUNTAIN PEDAL,18.0,Mountain,2013-07-01,
543,CO-PE-PD-M340,ML MOUNTAIN PEDAL,28.0,Mountain,2013-07-01,
544,CO-PE-PD-M562,HL MOUNTAIN PEDAL,36.0,Mountain,2013-07-01,
545,CO-PE-PD-R347,LL ROAD PEDAL,18.0,Roadways,2013-07-01,
546,CO-PE-PD-R563,ML ROAD PEDAL,28.0,Roadways,2013-07-01,
547,CO-PE-PD-R853,HL ROAD PEDAL,36.0,Roadways,2013-07-01,
548,CO-PE-PD-T852,TOURING PEDAL,36.0,Touring,2013-07-01,
549,CO-MF-FR-M63S-38,ML MOUNTAIN FRAME-W - SILVER- 38,199.0,Mountain,2013-07-01,
550,CO-MF-FR-M21B-40,LL MOUNTAIN FRAME - BLACK- 40,137.0,Mountain,2013-07-01,
551,CO-MF-FR-M21S-40,LL MOUNTAIN FRAME - SILVER- 40,145.0,Mountain,2013-07-01,
552,CO-DE-FD-2342,FRONT DERAILLEUR,41.0,Unknown,2013-07-01,
553,CO-HB-HB-T721,LL TOURING HANDLEBARS,20.0,Touring,2013-07-01,
554,CO-HB-HB-T928,HL TOURING HANDLEBARS,41.0,Touring,2013-07-01,
555,CO-BR-FB-9873,FRONT BRAKES,47.0,Unknown,2013-07-01,
556,CO-CS-CS-4759,LL CRANKSET,78.0,Unknown,2013-07-01,
557,CO-CS-CS-6583,ML CRANKSET,114.0,Unknown,2013-07-01,
558,CO-CS-CS-9183,HL CRANKSET,180.0,Unknown,2013-07-01,
559,CO-CH-CH-0234,CHAIN,9.0,Unknown,2013-07-01,
560,BI-TB-BK-T44U-60,TOURING-2000 BLUE- 60,755.0,Touring,2013-07-01,
561,BI-TB-BK-T79Y-46,TOURING-1000 YELLOW- 46,1482.0,Touring,2013-07-01,
562,BI-TB-BK-T79Y-50,TOURING-1000 YELLOW- 50,1482.0,Touring,2013-07-01,
563,BI-TB-BK-T79Y-54,TOURING-1000 YELLOW- 54,1482.0,Touring,2013-07-01,
564,BI-TB-BK-T79Y-60,TOURING-1000 YELLOW- 60,1482.0,Touring,2013-07-01,
565,BI-TB-BK-T18U-54,TOURING-3000 BLUE- 54,461.0,Touring,2013-07-01,
566,BI-TB-BK-T18U-58,TOURING-3000 BLUE- 58,461.0,Touring,2013-07-01,
567,BI-TB-BK-T18U-62,TOURING-3000 BLUE- 62,461.0,Touring,2013-07-01,
568,BI-TB-BK-T18Y-44,TOURING-3000 YELLOW- 44,461.0,Touring,2013-07-01,
569,BI-TB-BK-T18Y-50,TOURING-3000 YELLOW- 50,461.0,Touring,2013-07-01,
570,BI-TB-BK-T18Y-54,TOURING-3000 YELLOW- 54,461.0,Touring,2013-07-01,
571,BI-TB-BK-T18Y-58,TOURING-3000 YELLOW- 58,461.0,Touring,2013-07-01,
572,BI-TB-BK-T18Y-62,TOURING-3000 YELLOW- 62,461.0,Touring,2013-07-01,
573,BI-TB-BK-T79U-46,TOURING-1000 BLUE- 46,1482.0,Touring,2013-07-01,
574,BI-TB-BK-T79U-50,TOURING-1000 BLUE- 50,1482.0,Touring,2013-07-01,
575,BI-TB-BK-T79U-54,TOURING-1000 BLUE- 54,1482.0,Touring,2013-07-01,
576,BI-TB-BK-T79U-60,TOURING-1000 BLUE- 60,1482.0,Touring,2013-07-01,
577,BI-TB-BK-T44U-46,TOURING-2000 BLUE- 46,755.0,Touring,2013-07-01,
578,BI-TB-BK-T44U-50,TOURING-2000 BLUE- 50,755.0,Touring,2013-07-01,
579,BI-TB-BK-T44U-54,TOURING-2000 BLUE- 54,755.0,Touring,2013-07-01,
580,BI-RB-BK-R79Y-40,ROAD-350-W YELLOW- 40,1083.0,Roadways,2013-07-01,
581,BI-RB-BK-R79Y-42,ROAD-350-W YELLOW- 42,1083.0,Roadways,2013-07-01,
582,BI-RB-BK-R79Y-44,ROAD-350-W YELLOW- 44,1083.0,Roadways,2013-07-01,
583,BI-RB-BK-R79Y-48,ROAD-350-W YELLOW- 48,1083.0,Roadways,2013-07-01,
584,BI-RB-BK-R19B-58,ROAD-750 BLACK- 58,344.0,Roadways,2013-07-01,
585,BI-TB-BK-T18U-44,TOURING-3000 BLUE- 44,461.0,Touring,2013-07-01,
586,BI-TB-BK-T18U-50,TOURING-3000 BLUE- 50,461.0,Touring,2013-07-01,
587,BI-MB-BK-M38S-38,MOUNTAIN-400-W SILVER- 38,420.0,Mountain,2013-07-01,
588,BI-MB-BK-M38S-40,MOUNTAIN-400-W SILVER- 40,420.0,Mountain,2013-07-01,
589,BI-MB-BK-M38S-42,MOUNTAIN-400-W SILVER- 42,420.0,Mountain,2013-07-01,
590,BI-MB-BK-M38S-46,MOUNTAIN-400-W SILVER- 46,420.0,Mountain,2013-07-01,
591,BI-MB-BK-M18S-40,MOUNTAIN-500 SILVER- 40,308.0,Mountain,2013-07-01,
592,BI-MB-BK-M18S-42,MOUNTAIN-500 SILVER- 42,308.0,Mountain,2013-07-01,
593,BI-MB-BK-M18S-44,MOUNTAIN-500 SILVER- 44,308.0,Mountain,2013-07-01,
594,BI-MB-BK-M18S-48,MOUNTAIN-500 SILVER- 48,308.0,Mountain,2013-07-01,
595,BI-MB-BK-M18S-52,MOUNTAIN-500 SILVER- 52,308.0,Mountain,2013-07-01,
596,BI-MB-BK-M18B-40,MOUNTAIN-500 BLACK- 40,295.0,Mountain,2013-07-01,
597,BI-MB-BK-M18B-42,MOUNTAIN-500 BLACK- 42,295.0,Mountain,2013-07-01,
598,BI-MB-BK-M18B-44,MOUNTAIN-500 BLACK- 44,295.0,Mountain,2013-07-01,
599,BI-MB-BK-M18B-48,MOUNTAIN-500 BLACK- 48,295.0,Mountain,2013-07-01,
600,BI-MB-BK-M18B-52,MOUNTAIN-500 BLACK- 52,295.0,Mountain,2013-07-01,
601,CO-BB-BB-7421,LL BOTTOM BRACKET,24.0,Unknown,2013-07-01,
602,CO-BB-BB-8107,ML BOTTOM BRACKET,45.0,Unknown,2013-07-01,
603,CO-BB-BB-9108,HL BOTTOM BRACKET,54.0,Unknown,2013-07-01,
604,BI-RB-BK-R19B-44,ROAD-750 BLACK- 44,344.0,Roadways,2013-07-01,
605,BI-RB-BK-R19B-48,ROAD-750 BLACK- 48,344.0,Roadways,2013-07-01,
606,BI-RB-BK-R19B-52,ROAD-750 BLACK- 52,344.0,Roadways,2013-07-01,
